symbol,timestamp_ist,open,high,low,close,volume
ASHOKLEY,8/8/2025 9:16,119.07,119.15,118.83,118.85,57708
ASHOKLEY,8/8/2025 9:17,118.86,118.99,118.68,118.88,38413
ASHOKLEY,8/8/2025 9:18,118.93,119.23,118.84,119.23,22078
ASHOKLEY,8/8/2025 9:19,119.23,119.23,118.93,118.95,33057
ASHOKLEY,8/8/2025 9:20,118.9,119,118.87,118.95,14475
ASHOKLEY,8/8/2025 9:21,118.95,119,118.89,118.99,30123
ASHOKLEY,8/8/2025 9:22,119,119.04,118.86,118.88,43428
ASHOKLEY,8/8/2025 9:23,118.98,118.98,118.91,118.96,25676
ASHOKLEY,8/8/2025 9:24,119,119.01,118.9,118.98,19932
ASHOKLEY,8/8/2025 9:25,118.98,119.08,118.95,119.08,11013
ASHOKLEY,8/8/2025 9:26,119.08,119.08,118.82,118.82,36307
ASHOKLEY,8/8/2025 9:27,118.85,118.85,118.65,118.71,50731
ASHOKLEY,8/8/2025 9:28,118.72,118.72,118.55,118.59,30375
ASHOKLEY,8/8/2025 9:29,118.59,118.7,118.57,118.62,18132
ASHOKLEY,8/8/2025 9:30,118.62,118.7,118.55,118.62,14450
ASHOKLEY,8/8/2025 9:31,118.61,118.78,118.58,118.77,11864
ASHOKLEY,8/8/2025 9:32,118.75,118.8,118.72,118.8,15125
ASHOKLEY,8/8/2025 9:33,118.8,118.8,118.68,118.68,7972
ASHOKLEY,8/8/2025 9:34,118.71,118.71,118.65,118.68,5730
ASHOKLEY,8/8/2025 9:35,118.66,118.68,118.65,118.66,4323
ASHOKLEY,8/8/2025 9:36,118.68,118.75,118.68,118.75,4872
ASHOKLEY,8/8/2025 9:37,118.85,118.89,118.78,118.89,2529
ASHOKLEY,8/8/2025 9:38,118.9,119.08,118.9,118.9,26383
ASHOKLEY,8/8/2025 9:39,118.98,118.98,118.83,118.86,9690
ASHOKLEY,8/8/2025 9:40,118.83,118.93,118.83,118.92,7857
ASHOKLEY,8/8/2025 9:41,118.93,118.93,118.71,118.74,16205
ASHOKLEY,8/8/2025 9:42,118.78,118.79,118.72,118.77,7493
ASHOKLEY,8/8/2025 9:43,118.76,118.8,118.73,118.78,21126
ASHOKLEY,8/8/2025 9:44,118.78,118.78,118.72,118.76,5339
ASHOKLEY,8/8/2025 9:45,118.78,118.8,118.75,118.8,4041
ASHOKLEY,8/8/2025 9:46,118.8,118.8,118.75,118.79,3754
ASHOKLEY,8/8/2025 9:47,118.78,118.79,118.55,118.56,35142
ASHOKLEY,8/8/2025 9:48,118.56,118.69,118.55,118.64,5851
ASHOKLEY,8/8/2025 9:49,118.68,118.72,118.45,118.48,28461
ASHOKLEY,8/8/2025 9:50,118.47,118.47,118.31,118.33,19438
ASHOKLEY,8/8/2025 9:51,118.35,118.39,118.32,118.35,10176
ASHOKLEY,8/8/2025 9:52,118.36,118.45,118.36,118.43,14495
ASHOKLEY,8/8/2025 9:53,118.45,118.45,118.33,118.33,10406
ASHOKLEY,8/8/2025 9:54,118.33,118.35,118.25,118.35,15132
ASHOKLEY,8/8/2025 9:55,118.35,118.4,118.35,118.38,3418
ASHOKLEY,8/8/2025 9:56,118.4,118.4,118.22,118.22,14544
ASHOKLEY,8/8/2025 9:57,118.22,118.24,118.17,118.21,15204
ASHOKLEY,8/8/2025 9:58,118.18,118.19,118.11,118.19,17188
ASHOKLEY,8/8/2025 9:59,118.19,118.19,118,118.05,43610
ASHOKLEY,8/8/2025 10:00,118.03,118.1,118,118.03,43174
ASHOKLEY,8/8/2025 10:01,118.03,118.09,117.83,117.83,61132
ASHOKLEY,8/8/2025 10:02,117.89,117.9,117.83,117.9,22072
ASHOKLEY,8/8/2025 10:03,117.9,117.99,117.85,117.98,7759
ASHOKLEY,8/8/2025 10:04,117.98,118,117.97,118,4610
ASHOKLEY,8/8/2025 10:05,118,118,117.84,117.88,13294
ASHOKLEY,8/8/2025 10:06,117.88,117.88,117.58,117.75,65162
ASHOKLEY,8/8/2025 10:07,117.7,117.78,117.7,117.73,16674
ASHOKLEY,8/8/2025 10:08,117.74,117.89,117.73,117.84,23590
ASHOKLEY,8/8/2025 10:09,117.84,117.88,117.77,117.79,12694
ASHOKLEY,8/8/2025 10:10,117.79,117.8,117.73,117.8,6749
ASHOKLEY,8/8/2025 10:11,117.8,117.88,117.79,117.84,7653
ASHOKLEY,8/8/2025 10:12,117.85,117.9,117.84,117.88,4821
ASHOKLEY,8/8/2025 10:13,117.88,117.9,117.86,117.9,4834
ASHOKLEY,8/8/2025 10:14,117.9,117.95,117.89,117.94,8558
ASHOKLEY,8/8/2025 10:15,117.94,117.95,117.86,117.88,15111
ASHOKLEY,8/8/2025 10:16,117.9,117.9,117.8,117.82,22389
ASHOKLEY,8/8/2025 10:17,117.83,117.83,117.77,117.78,37039
ASHOKLEY,8/8/2025 10:18,117.78,117.94,117.78,117.85,41612
ASHOKLEY,8/8/2025 10:19,117.84,117.85,117.81,117.84,5840
ASHOKLEY,8/8/2025 10:20,117.81,117.83,117.66,117.66,21613
ASHOKLEY,8/8/2025 10:21,117.65,117.8,117.65,117.8,12882
ASHOKLEY,8/8/2025 10:22,117.8,117.85,117.75,117.77,7529
ASHOKLEY,8/8/2025 10:23,117.76,117.88,117.72,117.88,9175
ASHOKLEY,8/8/2025 10:24,117.83,117.88,117.83,117.84,1847
ASHOKLEY,8/8/2025 10:25,117.87,117.9,117.81,117.86,4640
ASHOKLEY,8/8/2025 10:26,117.9,118.1,117.9,118.05,22832
ASHOKLEY,8/8/2025 10:27,118.08,118.1,117.96,117.96,24218
ASHOKLEY,8/8/2025 10:28,117.95,118,117.9,117.9,8807
ASHOKLEY,8/8/2025 10:29,117.93,117.95,117.82,117.89,15098
ASHOKLEY,8/8/2025 10:30,117.95,117.95,117.82,117.84,5237
ASHOKLEY,8/8/2025 10:31,117.85,117.9,117.7,117.7,13773
ASHOKLEY,8/8/2025 10:32,117.7,117.76,117.7,117.72,5316
ASHOKLEY,8/8/2025 10:33,117.75,117.88,117.73,117.8,13997
ASHOKLEY,8/8/2025 10:34,117.76,117.8,117.68,117.7,7094
ASHOKLEY,8/8/2025 10:35,117.7,117.7,117.65,117.66,3755
ASHOKLEY,8/8/2025 10:36,117.66,117.68,117.62,117.63,5414
ASHOKLEY,8/8/2025 10:37,117.63,117.66,117.61,117.65,3458
ASHOKLEY,8/8/2025 10:38,117.64,117.68,117.64,117.68,2445
ASHOKLEY,8/8/2025 10:39,117.68,117.68,117.46,117.5,65203
ASHOKLEY,8/8/2025 10:40,117.51,118.08,117.47,117.99,94365
ASHOKLEY,8/8/2025 10:41,118.06,118.08,117.98,118.08,12769
ASHOKLEY,8/8/2025 10:42,118.05,118.2,118.05,118.18,7056
ASHOKLEY,8/8/2025 10:43,118.19,118.19,118.13,118.15,6914
ASHOKLEY,8/8/2025 10:44,118.14,118.28,118.14,118.26,19590
ASHOKLEY,8/8/2025 10:45,118.27,118.27,118.05,118.18,17347
ASHOKLEY,8/8/2025 10:46,118.17,118.18,118.15,118.17,7038
ASHOKLEY,8/8/2025 10:47,118.17,118.17,117.92,117.92,23137
ASHOKLEY,8/8/2025 10:48,117.95,118.03,117.88,117.99,3613
ASHOKLEY,8/8/2025 10:49,117.99,117.99,117.81,117.81,8677
ASHOKLEY,8/8/2025 10:50,117.85,117.9,117.81,117.81,3415
ASHOKLEY,8/8/2025 10:51,117.81,117.82,117.75,117.75,9778
ASHOKLEY,8/8/2025 10:52,117.75,117.8,117.71,117.77,6232
ASHOKLEY,8/8/2025 10:53,117.8,117.81,117.77,117.81,2858
ASHOKLEY,8/8/2025 10:54,117.85,117.87,117.81,117.83,1228
ASHOKLEY,8/8/2025 10:55,117.85,117.85,117.75,117.8,7230
ASHOKLEY,8/8/2025 10:56,117.8,117.8,117.75,117.79,1352
ASHOKLEY,8/8/2025 10:57,117.8,117.82,117.77,117.8,14592
ASHOKLEY,8/8/2025 10:58,117.8,117.82,117.7,117.7,12210
ASHOKLEY,8/8/2025 10:59,117.7,117.7,117.56,117.56,17918
ASHOKLEY,8/8/2025 11:00,117.6,117.6,117.4,117.4,43121
ASHOKLEY,8/8/2025 11:01,117.4,117.45,117.18,117.2,54128
ASHOKLEY,8/8/2025 11:02,117.21,117.21,117.13,117.13,14473
ASHOKLEY,8/8/2025 11:03,117.16,117.17,117.11,117.16,11379
ASHOKLEY,8/8/2025 11:04,117.16,117.16,117,117.01,29221
ASHOKLEY,8/8/2025 11:05,117.01,117.04,116.94,116.95,58965
ASHOKLEY,8/8/2025 11:06,116.95,116.95,116.92,116.93,10453
ASHOKLEY,8/8/2025 11:07,116.92,116.95,116.85,116.86,23689
ASHOKLEY,8/8/2025 11:08,116.86,116.92,116.81,116.84,14772
ASHOKLEY,8/8/2025 11:09,116.83,116.89,116.82,116.89,12756
ASHOKLEY,8/8/2025 11:10,116.89,116.94,116.84,116.86,20282
ASHOKLEY,8/8/2025 11:11,116.83,117,116.83,116.96,24011
ASHOKLEY,8/8/2025 11:12,116.96,117,116.92,116.96,16380
ASHOKLEY,8/8/2025 11:13,116.96,117,116.9,116.96,13328
ASHOKLEY,8/8/2025 11:14,116.96,116.97,116.91,116.95,16047
ASHOKLEY,8/8/2025 11:15,116.95,116.98,116.88,116.93,17370
ASHOKLEY,8/8/2025 11:16,116.9,116.93,116.85,116.88,11741
ASHOKLEY,8/8/2025 11:17,116.88,116.92,116.86,116.86,16253
ASHOKLEY,8/8/2025 11:18,116.85,116.95,116.83,116.94,22867
ASHOKLEY,8/8/2025 11:19,116.94,117,116.89,116.98,22266
ASHOKLEY,8/8/2025 11:20,116.98,117.14,116.97,117.05,34335
ASHOKLEY,8/8/2025 11:21,117.05,117.13,117,117.08,13130
ASHOKLEY,8/8/2025 11:22,117.08,117.1,117,117,11559
ASHOKLEY,8/8/2025 11:23,117.01,117.01,116.88,116.95,17283
ASHOKLEY,8/8/2025 11:24,116.93,117.02,116.93,116.98,14590
ASHOKLEY,8/8/2025 11:25,116.97,116.97,116.91,116.92,10509
ASHOKLEY,8/8/2025 11:26,116.91,116.95,116.86,116.89,11688
ASHOKLEY,8/8/2025 11:27,116.94,116.95,116.85,116.85,16254
ASHOKLEY,8/8/2025 11:28,116.92,116.92,116.85,116.86,12729
ASHOKLEY,8/8/2025 11:29,116.9,116.9,116.86,116.88,10785
ASHOKLEY,8/8/2025 11:30,116.88,116.9,116.85,116.86,14105
ASHOKLEY,8/8/2025 11:31,116.84,116.88,116.84,116.86,11258
ASHOKLEY,8/8/2025 11:32,116.86,116.9,116.85,116.9,14708
ASHOKLEY,8/8/2025 11:33,116.88,116.9,116.87,116.89,14386
ASHOKLEY,8/8/2025 11:34,116.88,116.91,116.85,116.86,15017
ASHOKLEY,8/8/2025 11:35,116.86,116.99,116.85,116.99,15887
ASHOKLEY,8/8/2025 11:36,116.98,116.98,116.87,116.87,22665
ASHOKLEY,8/8/2025 11:37,116.88,116.88,116.81,116.82,13785
ASHOKLEY,8/8/2025 11:38,116.82,116.82,116.75,116.76,40434
ASHOKLEY,8/8/2025 11:39,116.76,116.76,116.66,116.72,22153
ASHOKLEY,8/8/2025 11:40,116.7,116.7,116.53,116.56,27332
ASHOKLEY,8/8/2025 11:41,116.59,116.64,116.56,116.64,19541
ASHOKLEY,8/8/2025 11:42,116.64,116.7,116.58,116.58,16600
ASHOKLEY,8/8/2025 11:43,116.64,116.71,116.56,116.71,17979
ASHOKLEY,8/8/2025 11:44,116.71,116.71,116.65,116.68,17204
ASHOKLEY,8/8/2025 11:45,116.68,116.75,116.62,116.75,18097
ASHOKLEY,8/8/2025 11:46,116.75,116.8,116.75,116.79,29880
ASHOKLEY,8/8/2025 11:47,116.77,116.78,116.66,116.67,30622
ASHOKLEY,8/8/2025 11:48,116.68,116.82,116.67,116.73,24533
ASHOKLEY,8/8/2025 11:49,116.7,116.74,116.68,116.7,15870
ASHOKLEY,8/8/2025 11:50,116.7,116.8,116.69,116.78,13619
ASHOKLEY,8/8/2025 11:51,116.75,116.75,116.7,116.7,30283
ASHOKLEY,8/8/2025 11:52,116.71,116.76,116.7,116.74,15150
ASHOKLEY,8/8/2025 11:53,116.74,116.83,116.72,116.8,29140
ASHOKLEY,8/8/2025 11:54,116.8,117,116.7,117,41700
ASHOKLEY,8/8/2025 11:55,116.98,117.11,116.91,117.06,52089
ASHOKLEY,8/8/2025 11:56,117.06,117.15,117.04,117.12,29566
ASHOKLEY,8/8/2025 11:57,117.12,117.12,116.87,116.9,21110
ASHOKLEY,8/8/2025 11:58,116.9,116.9,116.72,116.77,14819
ASHOKLEY,8/8/2025 11:59,116.77,117.02,116.76,116.9,55443
ASHOKLEY,8/8/2025 12:00,116.9,116.94,116.72,116.72,22638
ASHOKLEY,8/8/2025 12:01,116.74,116.86,116.7,116.7,30964
ASHOKLEY,8/8/2025 12:02,116.7,116.8,116.62,116.64,41012
ASHOKLEY,8/8/2025 12:03,116.62,116.7,116.62,116.7,20091
ASHOKLEY,8/8/2025 12:04,116.67,116.74,116.61,116.66,17849
ASHOKLEY,8/8/2025 12:05,116.6,116.73,116.6,116.65,13230
ASHOKLEY,8/8/2025 12:06,116.64,116.76,116.64,116.68,23592
ASHOKLEY,8/8/2025 12:07,116.68,116.7,116.64,116.64,11386
ASHOKLEY,8/8/2025 12:08,116.64,116.7,116.62,116.7,25737
ASHOKLEY,8/8/2025 12:09,116.65,116.71,116.64,116.67,10721
ASHOKLEY,8/8/2025 12:10,116.65,116.69,116.62,116.69,10865
ASHOKLEY,8/8/2025 12:11,116.75,116.75,116.62,116.66,18660
ASHOKLEY,8/8/2025 12:12,116.66,116.92,116.64,116.77,50161
ASHOKLEY,8/8/2025 12:13,116.76,116.76,116.67,116.73,16099
ASHOKLEY,8/8/2025 12:14,116.73,116.75,116.66,116.71,12563
ASHOKLEY,8/8/2025 12:15,116.69,116.73,116.65,116.66,12438
ASHOKLEY,8/8/2025 12:16,116.65,116.69,116.65,116.65,12834
ASHOKLEY,8/8/2025 12:17,116.66,116.67,116.6,116.65,12207
ASHOKLEY,8/8/2025 12:18,116.64,116.65,116.6,116.62,11440
ASHOKLEY,8/8/2025 12:19,116.62,116.67,116.57,116.6,16726
ASHOKLEY,8/8/2025 12:20,116.6,116.64,116.55,116.6,17982
ASHOKLEY,8/8/2025 12:21,116.58,116.6,116.55,116.57,13589
ASHOKLEY,8/8/2025 12:22,116.56,116.61,116.55,116.6,13505
ASHOKLEY,8/8/2025 12:23,116.6,116.6,116.53,116.55,12548
ASHOKLEY,8/8/2025 12:24,116.57,116.65,116.55,116.57,15639
ASHOKLEY,8/8/2025 12:25,116.56,116.6,116.56,116.58,11790
ASHOKLEY,8/8/2025 12:26,116.57,116.65,116.57,116.65,12876
ASHOKLEY,8/8/2025 12:27,116.61,116.7,116.6,116.7,14731
ASHOKLEY,8/8/2025 12:28,116.66,116.66,116.55,116.58,20023
ASHOKLEY,8/8/2025 12:29,116.62,116.62,116.57,116.6,11347
ASHOKLEY,8/8/2025 12:30,116.6,116.62,116.57,116.57,15732
ASHOKLEY,8/8/2025 12:31,116.58,116.65,116.57,116.59,22052
ASHOKLEY,8/8/2025 12:32,116.59,116.64,116.55,116.55,19297
ASHOKLEY,8/8/2025 12:33,116.55,116.6,116.52,116.52,14751
ASHOKLEY,8/8/2025 12:34,116.55,116.56,116.52,116.52,9869
ASHOKLEY,8/8/2025 12:35,116.51,116.55,116.5,116.5,24742
ASHOKLEY,8/8/2025 12:36,116.51,116.52,116.37,116.44,68571
ASHOKLEY,8/8/2025 12:37,116.44,116.49,116.4,116.43,13058
ASHOKLEY,8/8/2025 12:38,116.42,116.44,116.42,116.42,14674
ASHOKLEY,8/8/2025 12:39,116.43,116.45,116.4,116.4,16737
ASHOKLEY,8/8/2025 12:40,116.4,116.4,116.3,116.35,42961
ASHOKLEY,8/8/2025 12:41,116.33,116.42,116.33,116.4,17626
ASHOKLEY,8/8/2025 12:42,116.4,116.45,116.35,116.35,13875
ASHOKLEY,8/8/2025 12:43,116.34,116.6,116.33,116.53,24488
ASHOKLEY,8/8/2025 12:44,116.52,116.52,116.38,116.43,25945
ASHOKLEY,8/8/2025 12:45,116.41,116.44,116.35,116.36,20862
ASHOKLEY,8/8/2025 12:46,116.36,116.5,116.36,116.49,21711
ASHOKLEY,8/8/2025 12:47,116.49,116.51,116.44,116.44,18923
ASHOKLEY,8/8/2025 12:48,116.44,116.54,116.42,116.49,12028
ASHOKLEY,8/8/2025 12:49,116.49,116.65,116.45,116.57,47398
ASHOKLEY,8/8/2025 12:50,116.55,116.74,116.55,116.7,19765
ASHOKLEY,8/8/2025 12:51,116.7,116.72,116.62,116.62,21898
ASHOKLEY,8/8/2025 12:52,116.63,116.75,116.57,116.72,38122
ASHOKLEY,8/8/2025 12:53,116.67,116.78,116.67,116.72,15986
ASHOKLEY,8/8/2025 12:54,116.7,116.75,116.7,116.72,12239
ASHOKLEY,8/8/2025 12:55,116.75,116.84,116.72,116.82,20729
ASHOKLEY,8/8/2025 12:56,116.84,116.9,116.79,116.81,35735
ASHOKLEY,8/8/2025 12:57,116.8,116.83,116.75,116.76,17656
ASHOKLEY,8/8/2025 12:58,116.76,116.76,116.7,116.71,20938
ASHOKLEY,8/8/2025 12:59,116.72,116.75,116.67,116.67,20536
ASHOKLEY,8/8/2025 13:00,116.67,116.7,116.61,116.61,15037
ASHOKLEY,8/8/2025 13:01,116.61,116.68,116.57,116.57,16958
ASHOKLEY,8/8/2025 13:02,116.61,116.62,116.54,116.55,14500
ASHOKLEY,8/8/2025 13:03,116.55,116.65,116.51,116.57,32201
ASHOKLEY,8/8/2025 13:04,116.57,116.66,116.53,116.65,18072
ASHOKLEY,8/8/2025 13:05,116.64,116.76,116.61,116.67,43538
ASHOKLEY,8/8/2025 13:06,116.69,116.75,116.69,116.71,10565
ASHOKLEY,8/8/2025 13:07,116.73,116.73,116.67,116.67,46698
ASHOKLEY,8/8/2025 13:08,116.68,116.68,116.67,116.67,10158
ASHOKLEY,8/8/2025 13:09,116.73,116.73,116.66,116.66,11650
ASHOKLEY,8/8/2025 13:10,116.7,116.71,116.65,116.66,12612
ASHOKLEY,8/8/2025 13:11,116.65,116.66,116.65,116.65,14684
ASHOKLEY,8/8/2025 13:12,116.66,116.67,116.64,116.66,13756
ASHOKLEY,8/8/2025 13:13,116.65,116.69,116.64,116.65,14878
ASHOKLEY,8/8/2025 13:14,116.65,116.68,116.64,116.64,9410
ASHOKLEY,8/8/2025 13:15,116.65,116.7,116.63,116.66,16087
ASHOKLEY,8/8/2025 13:16,116.66,116.73,116.65,116.72,13019
ASHOKLEY,8/8/2025 13:17,116.7,116.72,116.68,116.69,10596
ASHOKLEY,8/8/2025 13:18,116.69,116.69,116.67,116.69,14153
ASHOKLEY,8/8/2025 13:19,116.69,116.7,116.66,116.68,11957
ASHOKLEY,8/8/2025 13:20,116.7,116.74,116.68,116.68,12138
ASHOKLEY,8/8/2025 13:21,116.69,116.69,116.68,116.68,10296
ASHOKLEY,8/8/2025 13:22,116.68,116.69,116.67,116.67,9242
ASHOKLEY,8/8/2025 13:23,116.66,116.68,116.65,116.66,19988
ASHOKLEY,8/8/2025 13:24,116.69,116.72,116.65,116.7,15040
ASHOKLEY,8/8/2025 13:25,116.65,116.7,116.64,116.65,11077
ASHOKLEY,8/8/2025 13:26,116.65,116.65,116.64,116.65,11158
ASHOKLEY,8/8/2025 13:27,116.64,116.67,116.63,116.64,26247
ASHOKLEY,8/8/2025 13:28,116.63,116.64,116.62,116.63,14831
ASHOKLEY,8/8/2025 13:29,116.62,116.65,116.61,116.61,16804
ASHOKLEY,8/8/2025 13:30,116.61,116.7,116.61,116.61,16417
ASHOKLEY,8/8/2025 13:31,116.61,116.65,116.6,116.65,13582
ASHOKLEY,8/8/2025 13:32,116.65,116.75,116.63,116.74,11047
ASHOKLEY,8/8/2025 13:33,116.7,116.79,116.7,116.72,25503
ASHOKLEY,8/8/2025 13:34,116.72,116.75,116.71,116.72,11167
ASHOKLEY,8/8/2025 13:35,116.71,116.72,116.7,116.7,9862
ASHOKLEY,8/8/2025 13:36,116.7,116.71,116.65,116.65,12679
ASHOKLEY,8/8/2025 13:37,116.66,116.73,116.62,116.63,18964
ASHOKLEY,8/8/2025 13:38,116.63,116.7,116.61,116.63,13150
ASHOKLEY,8/8/2025 13:39,116.67,116.7,116.64,116.68,13171
ASHOKLEY,8/8/2025 13:40,116.68,116.68,116.59,116.59,10490
ASHOKLEY,8/8/2025 13:41,116.59,116.64,116.56,116.57,11586
ASHOKLEY,8/8/2025 13:42,116.56,116.64,116.56,116.62,11146
ASHOKLEY,8/8/2025 13:43,116.6,116.65,116.52,116.55,36536
ASHOKLEY,8/8/2025 13:44,116.51,116.57,116.51,116.57,23122
ASHOKLEY,8/8/2025 13:45,116.57,116.59,116.5,116.51,11525
ASHOKLEY,8/8/2025 13:46,116.51,116.52,116.5,116.52,11230
ASHOKLEY,8/8/2025 13:47,116.51,116.52,116.22,116.29,79094
ASHOKLEY,8/8/2025 13:48,116.3,116.3,116.24,116.29,15285
ASHOKLEY,8/8/2025 13:49,116.29,116.29,116.15,116.18,20586
ASHOKLEY,8/8/2025 13:50,116.2,116.23,116.18,116.21,15150
ASHOKLEY,8/8/2025 13:51,116.21,116.25,116.2,116.22,16384
ASHOKLEY,8/8/2025 13:52,116.26,116.3,116.2,116.25,19577
ASHOKLEY,8/8/2025 13:53,116.2,116.24,116.2,116.21,14590
ASHOKLEY,8/8/2025 13:54,116.21,116.21,116.17,116.17,17948
ASHOKLEY,8/8/2025 13:55,116.18,116.22,116.17,116.17,21178
ASHOKLEY,8/8/2025 13:56,116.18,116.25,116.17,116.25,15767
ASHOKLEY,8/8/2025 13:57,116.29,116.3,116.22,116.22,15222
ASHOKLEY,8/8/2025 13:58,116.24,116.27,116.22,116.24,14801
ASHOKLEY,8/8/2025 13:59,116.25,116.25,116.23,116.23,11426
ASHOKLEY,8/8/2025 14:00,116.24,116.3,116.22,116.23,13313
ASHOKLEY,8/8/2025 14:01,116.23,116.3,116.23,116.28,11123
ASHOKLEY,8/8/2025 14:02,116.28,116.33,116.24,116.24,17574
ASHOKLEY,8/8/2025 14:03,116.24,116.3,115.65,115.91,926932
ASHOKLEY,8/8/2025 14:04,115.89,116,115.81,115.9,45102
ASHOKLEY,8/8/2025 14:05,115.88,115.96,115.86,115.87,23478
ASHOKLEY,8/8/2025 14:06,115.87,115.94,115.81,115.91,16759
ASHOKLEY,8/8/2025 14:07,115.9,115.9,115.81,115.81,11040
ASHOKLEY,8/8/2025 14:08,115.82,115.84,115.75,115.8,19155
ASHOKLEY,8/8/2025 14:09,115.8,115.89,115.76,115.8,22021
ASHOKLEY,8/8/2025 14:10,115.8,115.81,115.56,115.64,68586
ASHOKLEY,8/8/2025 14:11,115.64,115.7,115.63,115.7,13543
ASHOKLEY,8/8/2025 14:12,115.67,115.73,115.59,115.6,32555
ASHOKLEY,8/8/2025 14:13,115.62,115.75,115.6,115.75,15248
ASHOKLEY,8/8/2025 14:14,115.76,115.76,115.69,115.7,9935
ASHOKLEY,8/8/2025 14:15,115.73,115.76,115.62,115.65,32148
ASHOKLEY,8/8/2025 14:16,115.65,115.77,115.6,115.65,16957
ASHOKLEY,8/8/2025 14:17,115.65,115.69,115.62,115.63,12521
ASHOKLEY,8/8/2025 14:18,115.62,115.7,115.62,115.66,14737
ASHOKLEY,8/8/2025 14:19,115.7,115.75,115.64,115.67,12292
ASHOKLEY,8/8/2025 14:20,115.68,115.69,115.62,115.64,12699
ASHOKLEY,8/8/2025 14:21,115.63,115.69,115.59,115.59,21142
ASHOKLEY,8/8/2025 14:22,115.6,115.64,115.59,115.64,12602
ASHOKLEY,8/8/2025 14:23,115.6,115.68,115.59,115.59,20481
ASHOKLEY,8/8/2025 14:24,115.6,115.65,115.56,115.56,10818
ASHOKLEY,8/8/2025 14:25,115.56,115.57,115.2,115.34,116045
ASHOKLEY,8/8/2025 14:26,115.4,115.4,115.32,115.32,19428
ASHOKLEY,8/8/2025 14:27,115.32,115.35,115.3,115.32,25225
ASHOKLEY,8/8/2025 14:28,115.32,115.36,115.3,115.31,28226
ASHOKLEY,8/8/2025 14:29,115.31,115.36,115.3,115.36,23003
ASHOKLEY,8/8/2025 14:30,115.34,115.58,115.34,115.51,30698
ASHOKLEY,8/8/2025 14:31,115.46,115.58,115.42,115.42,23381
ASHOKLEY,8/8/2025 14:32,115.45,115.52,115.41,115.5,25936
ASHOKLEY,8/8/2025 14:33,115.43,115.53,115.39,115.53,11216
ASHOKLEY,8/8/2025 14:34,115.51,115.53,115.45,115.47,20502
ASHOKLEY,8/8/2025 14:35,115.45,115.77,115.45,115.77,35949
ASHOKLEY,8/8/2025 14:36,115.74,115.74,115.57,115.6,40028
ASHOKLEY,8/8/2025 14:37,115.57,115.66,115.55,115.55,13414
ASHOKLEY,8/8/2025 14:38,115.55,115.63,115.53,115.59,18793
ASHOKLEY,8/8/2025 14:39,115.6,115.62,115.5,115.55,20722
ASHOKLEY,8/8/2025 14:40,115.52,115.68,115.52,115.66,13406
ASHOKLEY,8/8/2025 14:41,115.66,115.77,115.65,115.71,54264
ASHOKLEY,8/8/2025 14:42,115.71,115.74,115.66,115.66,30052
ASHOKLEY,8/8/2025 14:43,115.71,115.73,115.57,115.64,51394
ASHOKLEY,8/8/2025 14:44,115.7,115.72,115.62,115.62,15595
ASHOKLEY,8/8/2025 14:45,115.67,115.7,115.62,115.65,15940
ASHOKLEY,8/8/2025 14:46,115.62,115.7,115.62,115.65,22367
ASHOKLEY,8/8/2025 14:47,115.64,115.68,115.62,115.62,18083
ASHOKLEY,8/8/2025 14:48,115.62,115.71,115.62,115.65,13220
ASHOKLEY,8/8/2025 14:49,115.63,115.7,115.62,115.7,20006
ASHOKLEY,8/8/2025 14:50,115.7,115.7,115.62,115.62,11782
ASHOKLEY,8/8/2025 14:51,115.65,115.7,115.58,115.65,81137
ASHOKLEY,8/8/2025 14:52,115.69,115.7,115.63,115.67,27130
ASHOKLEY,8/8/2025 14:53,115.69,115.7,115.62,115.65,18389
ASHOKLEY,8/8/2025 14:54,115.65,115.68,115.62,115.65,17288
ASHOKLEY,8/8/2025 14:55,115.67,115.67,115.62,115.64,23008
ASHOKLEY,8/8/2025 14:56,115.62,115.69,115.55,115.64,210924
ASHOKLEY,8/8/2025 14:57,115.62,115.64,115.55,115.6,55735
ASHOKLEY,8/8/2025 14:58,115.56,115.6,115.53,115.53,12308
ASHOKLEY,8/8/2025 14:59,115.54,115.6,115.53,115.59,20796
ASHOKLEY,8/8/2025 15:00,115.59,115.8,115.55,115.74,85949
ASHOKLEY,8/8/2025 15:01,115.76,115.77,115.64,115.77,37694
ASHOKLEY,8/8/2025 15:02,115.77,115.77,115.5,115.52,79625
ASHOKLEY,8/8/2025 15:03,115.52,115.52,115.34,115.41,99730
ASHOKLEY,8/8/2025 15:04,115.43,115.51,115.41,115.5,52844
ASHOKLEY,8/8/2025 15:05,115.5,115.51,115.42,115.44,16911
ASHOKLEY,8/8/2025 15:06,115.43,115.5,115.43,115.49,50620
ASHOKLEY,8/8/2025 15:07,115.5,115.5,115.45,115.48,33828
ASHOKLEY,8/8/2025 15:08,115.46,115.49,115.31,115.32,53377
ASHOKLEY,8/8/2025 15:09,115.32,115.4,115.32,115.37,45096
ASHOKLEY,8/8/2025 15:10,115.3,115.3,115.2,115.24,86903
ASHOKLEY,8/8/2025 15:11,115.24,115.25,115.2,115.21,82167
ASHOKLEY,8/8/2025 15:12,115.21,115.23,115.21,115.22,36607
ASHOKLEY,8/8/2025 15:13,115.21,115.21,115.13,115.16,76583
ASHOKLEY,8/8/2025 15:14,115.2,115.2,115.14,115.15,34154
ASHOKLEY,8/8/2025 15:15,115.17,115.23,115.15,115.23,62175
ASHOKLEY,8/8/2025 15:16,115.2,115.24,115.15,115.17,62867
ASHOKLEY,8/8/2025 15:17,115.17,115.25,115.17,115.25,64115
ASHOKLEY,8/8/2025 15:18,115.25,115.28,115.19,115.21,144613
ASHOKLEY,8/8/2025 15:19,115.19,115.28,115.1,115.24,173391
ASHOKLEY,8/8/2025 15:20,115.24,115.48,115.24,115.48,258352
ASHOKLEY,8/8/2025 15:21,115.48,115.54,115.39,115.4,76801
ASHOKLEY,8/8/2025 15:22,115.39,115.48,115.39,115.47,21973
ASHOKLEY,8/8/2025 15:23,115.47,115.48,115.4,115.44,123896
ASHOKLEY,8/8/2025 15:24,115.44,115.5,115.37,115.5,109573
ASHOKLEY,8/8/2025 15:25,115.51,115.56,115.42,115.51,105189
ASHOKLEY,8/8/2025 15:26,115.51,115.56,115.45,115.55,108613
ASHOKLEY,8/8/2025 15:27,115.55,115.59,115.5,115.56,154720
ASHOKLEY,8/8/2025 15:28,115.56,115.8,115.55,115.8,350236
ASHOKLEY,8/8/2025 15:29,115.8,115.93,115.63,115.9,106897
COALINDIA,8/8/2025 9:16,380.4,380.4,379.55,379.75,9149
COALINDIA,8/8/2025 9:17,379.75,380,379.4,379.7,21554
COALINDIA,8/8/2025 9:18,379.8,380.45,379.4,380.45,19072
COALINDIA,8/8/2025 9:19,380.45,380.45,380.1,380.15,10637
COALINDIA,8/8/2025 9:20,380.35,380.45,380,380.35,9158
COALINDIA,8/8/2025 9:21,380.45,380.95,380.3,380.9,24324
COALINDIA,8/8/2025 9:22,380.95,380.95,380.65,380.85,10834
COALINDIA,8/8/2025 9:23,380.85,380.95,380.65,380.8,7319
COALINDIA,8/8/2025 9:24,380.75,380.8,380.45,380.45,8076
COALINDIA,8/8/2025 9:25,380.45,380.7,380.1,380.7,7139
COALINDIA,8/8/2025 9:26,380.75,381.25,380.65,381,26483
COALINDIA,8/8/2025 9:27,381.1,381.1,380.75,380.75,4298
COALINDIA,8/8/2025 9:28,380.7,380.85,380.35,380.6,9117
COALINDIA,8/8/2025 9:29,380.6,380.6,380,380.15,4485
COALINDIA,8/8/2025 9:30,380.1,380.1,379.6,379.9,10813
COALINDIA,8/8/2025 9:31,379.75,380.05,379.75,379.85,5868
COALINDIA,8/8/2025 9:32,380,380,379.65,380,7175
COALINDIA,8/8/2025 9:33,380,380.05,379.85,379.9,3828
COALINDIA,8/8/2025 9:34,379.8,380,379.7,379.7,5537
COALINDIA,8/8/2025 9:35,379.75,379.9,379.6,379.85,6277
COALINDIA,8/8/2025 9:36,379.75,380,379.7,379.85,17172
COALINDIA,8/8/2025 9:37,379.9,380,379.75,379.95,4041
COALINDIA,8/8/2025 9:38,379.85,380.15,379.85,379.85,4308
COALINDIA,8/8/2025 9:39,379.85,379.95,379.6,379.85,3452
COALINDIA,8/8/2025 9:40,379.85,379.85,379.6,379.7,3048
COALINDIA,8/8/2025 9:41,379.6,379.7,379.6,379.65,6243
COALINDIA,8/8/2025 9:42,379.65,379.65,379.5,379.5,2197
COALINDIA,8/8/2025 9:43,379.6,379.65,379.5,379.65,4798
COALINDIA,8/8/2025 9:44,379.6,379.7,379.45,379.7,3722
COALINDIA,8/8/2025 9:45,379.55,379.7,379.2,379.3,7981
COALINDIA,8/8/2025 9:46,379.3,379.3,379.2,379.25,1503
COALINDIA,8/8/2025 9:47,379.25,379.25,379.1,379.1,3993
COALINDIA,8/8/2025 9:48,379.15,379.2,378.9,379.05,22120
COALINDIA,8/8/2025 9:49,379.05,379.2,379,379,6202
COALINDIA,8/8/2025 9:50,378.85,379,378.85,378.95,3266
COALINDIA,8/8/2025 9:51,378.95,379.2,378.85,379.15,9710
COALINDIA,8/8/2025 9:52,379.1,379.65,379.1,379.65,8171
COALINDIA,8/8/2025 9:53,379.6,379.9,379.55,379.8,14882
COALINDIA,8/8/2025 9:54,379.6,379.75,379.5,379.65,6319
COALINDIA,8/8/2025 9:55,379.6,379.75,379.5,379.75,3549
COALINDIA,8/8/2025 9:56,379.6,379.75,379.15,379.25,2762
COALINDIA,8/8/2025 9:57,379.2,379.55,379.15,379.35,13954
COALINDIA,8/8/2025 9:58,379.35,379.45,379.2,379.45,3396
COALINDIA,8/8/2025 9:59,379.45,379.45,379.25,379.35,1286
COALINDIA,8/8/2025 10:00,379.35,379.45,379.25,379.35,3962
COALINDIA,8/8/2025 10:01,379.35,379.45,379.05,379.25,8005
COALINDIA,8/8/2025 10:02,379.35,379.35,379.1,379.35,2656
COALINDIA,8/8/2025 10:03,379.3,379.35,379.15,379.3,1301
COALINDIA,8/8/2025 10:04,379.25,379.3,379,379.2,6117
COALINDIA,8/8/2025 10:05,379.15,379.15,378.9,378.9,6007
COALINDIA,8/8/2025 10:06,378.95,379.15,378.8,379,6755
COALINDIA,8/8/2025 10:07,379,379.25,378.8,379.25,10163
COALINDIA,8/8/2025 10:08,379.05,379.3,379.05,379.3,6780
COALINDIA,8/8/2025 10:09,379.3,379.3,379.05,379.25,6006
COALINDIA,8/8/2025 10:10,379.3,379.3,379,379.15,4693
COALINDIA,8/8/2025 10:11,379,379.25,379,379.25,2746
COALINDIA,8/8/2025 10:12,379.15,379.25,379,379.15,5865
COALINDIA,8/8/2025 10:13,379.1,379.4,379,379.05,7670
COALINDIA,8/8/2025 10:14,379.2,379.25,379,379.1,5201
COALINDIA,8/8/2025 10:15,379.1,379.3,379.05,379.2,5548
COALINDIA,8/8/2025 10:16,379.2,379.4,379.05,379.2,3650
COALINDIA,8/8/2025 10:17,379.35,379.35,379.15,379.2,931
COALINDIA,8/8/2025 10:18,379.1,379.5,379.1,379.4,9368
COALINDIA,8/8/2025 10:19,379.35,379.4,379.15,379.35,2413
COALINDIA,8/8/2025 10:20,379.35,379.35,379.05,379.15,2450
COALINDIA,8/8/2025 10:21,379.15,379.25,378.9,379,6338
COALINDIA,8/8/2025 10:22,379,379,378.9,379,2524
COALINDIA,8/8/2025 10:23,379,379.5,379,379.4,8414
COALINDIA,8/8/2025 10:24,379.4,379.5,379.25,379.4,1793
COALINDIA,8/8/2025 10:25,379.35,379.35,379.1,379.25,3222
COALINDIA,8/8/2025 10:26,379.25,379.45,379.15,379.4,4124
COALINDIA,8/8/2025 10:27,379.25,379.4,379.25,379.25,2213
COALINDIA,8/8/2025 10:28,379.3,379.35,379.2,379.2,8235
COALINDIA,8/8/2025 10:29,379.2,379.25,379.1,379.2,2126
COALINDIA,8/8/2025 10:30,379.2,379.2,379.1,379.2,1240
COALINDIA,8/8/2025 10:31,379.1,379.1,378.7,378.9,10553
COALINDIA,8/8/2025 10:32,378.95,378.95,378.7,378.7,1649
COALINDIA,8/8/2025 10:33,378.9,378.95,378.8,378.95,4650
COALINDIA,8/8/2025 10:34,378.9,378.95,378.75,378.95,1303
COALINDIA,8/8/2025 10:35,378.9,378.95,378.75,378.95,873
COALINDIA,8/8/2025 10:36,378.8,379.25,378.8,379.2,8904
COALINDIA,8/8/2025 10:37,379.2,379.8,379.05,379.8,14227
COALINDIA,8/8/2025 10:38,379.8,379.85,379.7,379.75,2079
COALINDIA,8/8/2025 10:39,379.7,379.95,379.6,379.6,7858
COALINDIA,8/8/2025 10:40,379.65,379.65,379.4,379.6,1325
COALINDIA,8/8/2025 10:41,379.6,379.75,379.5,379.75,4641
COALINDIA,8/8/2025 10:42,379.75,379.95,379.7,379.75,4005
COALINDIA,8/8/2025 10:43,379.75,379.75,379.6,379.7,2291
COALINDIA,8/8/2025 10:44,379.7,379.7,379.6,379.7,2462
COALINDIA,8/8/2025 10:45,379.6,379.65,379.4,379.4,2065
COALINDIA,8/8/2025 10:46,379.45,379.6,379.3,379.55,2411
COALINDIA,8/8/2025 10:47,379.55,379.55,379.15,379.3,1527
COALINDIA,8/8/2025 10:48,379.3,379.3,379,379.25,1814
COALINDIA,8/8/2025 10:49,379.1,379.25,379.1,379.25,928
COALINDIA,8/8/2025 10:50,379.25,379.3,379.15,379.3,2770
COALINDIA,8/8/2025 10:51,379.3,379.35,379.15,379.35,3279
COALINDIA,8/8/2025 10:52,379.3,379.35,379.05,379.15,6353
COALINDIA,8/8/2025 10:53,379.15,379.2,379.05,379.2,2844
COALINDIA,8/8/2025 10:54,379.2,379.2,379.05,379.2,3001
COALINDIA,8/8/2025 10:55,379.15,379.25,379.05,379.2,5592
COALINDIA,8/8/2025 10:56,379.25,379.25,379.1,379.2,575
COALINDIA,8/8/2025 10:57,379.25,379.25,379,379.15,6235
COALINDIA,8/8/2025 10:58,379.15,379.15,379,379.1,1344
COALINDIA,8/8/2025 10:59,379.1,379.2,378.55,379.2,33678
COALINDIA,8/8/2025 11:00,379.2,379.25,379.15,379.2,1325
COALINDIA,8/8/2025 11:01,379.2,379.2,379,379.2,2734
COALINDIA,8/8/2025 11:02,379.15,379.35,379,379.3,4938
COALINDIA,8/8/2025 11:03,379.25,379.3,379.2,379.3,3423
COALINDIA,8/8/2025 11:04,379.3,379.55,379.15,379.35,6226
COALINDIA,8/8/2025 11:05,379.3,379.65,379.2,379.6,9132
COALINDIA,8/8/2025 11:06,379.6,379.7,379.5,379.7,3071
COALINDIA,8/8/2025 11:07,379.7,379.95,379.7,379.95,8367
COALINDIA,8/8/2025 11:08,379.95,380.3,379.85,380.05,26463
COALINDIA,8/8/2025 11:09,380.05,380.1,379.9,380.1,1134
COALINDIA,8/8/2025 11:10,380.05,380.1,380.05,380.1,2475
COALINDIA,8/8/2025 11:11,380.1,380.1,379.95,380.05,5603
COALINDIA,8/8/2025 11:12,380.05,380.1,379.9,380,4692
COALINDIA,8/8/2025 11:13,380,380.1,379.9,380.05,1294
COALINDIA,8/8/2025 11:14,380.05,380.1,379.9,380.1,2558
COALINDIA,8/8/2025 11:15,380.1,380.25,380.05,380.2,3652
COALINDIA,8/8/2025 11:16,380.25,380.3,380.2,380.3,2462
COALINDIA,8/8/2025 11:17,380.3,380.5,380.25,380.5,3712
COALINDIA,8/8/2025 11:18,380.4,380.5,380.4,380.45,2095
COALINDIA,8/8/2025 11:19,380.45,380.5,380.4,380.5,5117
COALINDIA,8/8/2025 11:20,380.5,380.7,380.45,380.65,7039
COALINDIA,8/8/2025 11:21,380.6,380.7,380.55,380.7,4212
COALINDIA,8/8/2025 11:22,380.55,380.7,380.45,380.6,3878
COALINDIA,8/8/2025 11:23,380.55,380.55,380.15,380.35,4522
COALINDIA,8/8/2025 11:24,380.35,380.65,380.25,380.65,10480
COALINDIA,8/8/2025 11:25,380.65,380.65,380.15,380.4,8363
COALINDIA,8/8/2025 11:26,380.45,380.7,380.3,380.45,5624
COALINDIA,8/8/2025 11:27,380.5,380.5,380.2,380.35,2341
COALINDIA,8/8/2025 11:28,380.35,380.4,380.2,380.3,1550
COALINDIA,8/8/2025 11:29,380.3,380.3,380.05,380.05,5471
COALINDIA,8/8/2025 11:30,380.2,380.25,380,380.15,4315
COALINDIA,8/8/2025 11:31,380.15,380.25,380,380.1,3163
COALINDIA,8/8/2025 11:32,380.1,380.15,379.95,380.1,3190
COALINDIA,8/8/2025 11:33,380.1,380.25,379.9,380.25,13383
COALINDIA,8/8/2025 11:34,380.25,380.25,380,380.05,3077
COALINDIA,8/8/2025 11:35,380.2,380.4,380.1,380.25,3699
COALINDIA,8/8/2025 11:36,380.25,380.3,380.1,380.15,3857
COALINDIA,8/8/2025 11:37,380.25,380.25,379.9,380,5969
COALINDIA,8/8/2025 11:38,380,380,379.65,379.85,3033
COALINDIA,8/8/2025 11:39,379.85,379.85,379.55,379.75,4823
COALINDIA,8/8/2025 11:40,379.75,379.75,379.5,379.6,3687
COALINDIA,8/8/2025 11:41,379.6,379.85,379.5,379.7,4459
COALINDIA,8/8/2025 11:42,379.85,379.85,379.65,379.8,2837
COALINDIA,8/8/2025 11:43,379.7,379.95,379.65,379.85,4195
COALINDIA,8/8/2025 11:44,379.95,379.95,379.7,379.9,3151
COALINDIA,8/8/2025 11:45,379.9,379.9,379.7,379.9,2649
COALINDIA,8/8/2025 11:46,379.75,379.95,379.7,379.95,3463
COALINDIA,8/8/2025 11:47,379.95,379.95,379.7,379.85,3020
COALINDIA,8/8/2025 11:48,379.8,379.9,379.65,379.85,5950
COALINDIA,8/8/2025 11:49,379.85,379.9,379.65,379.85,4497
COALINDIA,8/8/2025 11:50,379.7,379.9,379.7,379.75,2088
COALINDIA,8/8/2025 11:51,379.9,379.95,379.75,379.75,1951
COALINDIA,8/8/2025 11:52,379.95,379.95,379.75,379.9,1845
COALINDIA,8/8/2025 11:53,379.9,379.9,379.75,379.75,1783
COALINDIA,8/8/2025 11:54,379.8,379.95,379.7,379.9,2188
COALINDIA,8/8/2025 11:55,379.9,380,379.75,379.9,3300
COALINDIA,8/8/2025 11:56,379.9,380,379.8,379.95,2832
COALINDIA,8/8/2025 11:57,379.95,380,379.85,379.9,1866
COALINDIA,8/8/2025 11:58,380,380,379.2,379.8,38568
COALINDIA,8/8/2025 11:59,379.8,379.85,379.6,379.85,5704
COALINDIA,8/8/2025 12:00,379.85,379.9,379.65,379.8,2816
COALINDIA,8/8/2025 12:01,379.8,379.85,379.65,379.65,2078
COALINDIA,8/8/2025 12:02,379.8,379.8,379.5,379.5,3111
COALINDIA,8/8/2025 12:03,379.6,379.75,379.5,379.75,3483
COALINDIA,8/8/2025 12:04,379.55,379.75,379.55,379.75,7872
COALINDIA,8/8/2025 12:05,379.75,379.75,379.6,379.75,2097
COALINDIA,8/8/2025 12:06,379.75,380,379.6,380,30933
COALINDIA,8/8/2025 12:07,379.95,380,379.8,379.95,6988
COALINDIA,8/8/2025 12:08,379.95,379.95,379.8,379.95,1996
COALINDIA,8/8/2025 12:09,379.95,380,379.85,379.9,3603
COALINDIA,8/8/2025 12:10,379.9,379.95,379.8,379.95,3169
COALINDIA,8/8/2025 12:11,379.95,380,379.8,380,4017
COALINDIA,8/8/2025 12:12,380,380.15,379.95,380.15,5443
COALINDIA,8/8/2025 12:13,380.15,380.2,380.1,380.2,1711
COALINDIA,8/8/2025 12:14,380.2,380.2,379.8,380,11726
COALINDIA,8/8/2025 12:15,380,380,379.65,379.85,6110
COALINDIA,8/8/2025 12:16,379.8,379.85,379.65,379.7,2254
COALINDIA,8/8/2025 12:17,379.65,379.8,379.6,379.8,3482
COALINDIA,8/8/2025 12:18,379.8,379.85,379.65,379.7,1949
COALINDIA,8/8/2025 12:19,379.8,379.85,379.6,379.75,2044
COALINDIA,8/8/2025 12:20,379.75,379.75,379.45,379.45,3508
COALINDIA,8/8/2025 12:21,379.55,379.6,379.3,379.35,2217
COALINDIA,8/8/2025 12:22,379.45,379.45,379.3,379.45,3042
COALINDIA,8/8/2025 12:23,379.45,379.45,379.25,379.45,2423
COALINDIA,8/8/2025 12:24,379.45,379.45,379.3,379.45,2076
COALINDIA,8/8/2025 12:25,379.45,379.5,379.25,379.45,2446
COALINDIA,8/8/2025 12:26,379.45,379.45,379.35,379.45,2028
COALINDIA,8/8/2025 12:27,379.45,379.8,379.4,379.7,8774
COALINDIA,8/8/2025 12:28,379.7,379.7,379.55,379.6,2931
COALINDIA,8/8/2025 12:29,379.6,379.6,379.55,379.6,3291
COALINDIA,8/8/2025 12:30,379.6,379.75,379.5,379.75,8409
COALINDIA,8/8/2025 12:31,379.6,379.75,379.55,379.7,10202
COALINDIA,8/8/2025 12:32,379.65,379.7,379.5,379.65,1832
COALINDIA,8/8/2025 12:33,379.65,379.65,379.3,379.55,6228
COALINDIA,8/8/2025 12:34,379.55,379.7,379.35,379.7,7956
COALINDIA,8/8/2025 12:35,379.7,379.7,379.5,379.6,2096
COALINDIA,8/8/2025 12:36,379.6,379.7,379.5,379.7,2153
COALINDIA,8/8/2025 12:37,379.7,379.8,379.6,379.7,1804
COALINDIA,8/8/2025 12:38,379.6,379.7,379.35,379.6,21738
COALINDIA,8/8/2025 12:39,379.6,379.65,379.4,379.6,6392
COALINDIA,8/8/2025 12:40,379.4,379.65,379.4,379.65,2402
COALINDIA,8/8/2025 12:41,379.65,379.7,379.5,379.7,1665
COALINDIA,8/8/2025 12:42,379.7,379.7,379.3,379.5,6264
COALINDIA,8/8/2025 12:43,379.5,379.5,379.3,379.35,1877
COALINDIA,8/8/2025 12:44,379.35,379.5,379.3,379.45,2112
COALINDIA,8/8/2025 12:45,379.45,379.5,379.3,379.5,6432
COALINDIA,8/8/2025 12:46,379.35,379.5,379.2,379.5,9891
COALINDIA,8/8/2025 12:47,379.5,379.75,379.4,379.6,102858
COALINDIA,8/8/2025 12:48,379.65,379.9,379.3,379.35,76388
COALINDIA,8/8/2025 12:49,379.5,379.5,379.35,379.5,3949
COALINDIA,8/8/2025 12:50,379.5,379.8,379.35,379.7,62135
COALINDIA,8/8/2025 12:51,379.85,379.85,379.7,379.85,2625
COALINDIA,8/8/2025 12:52,379.9,379.95,379.65,379.95,5953
COALINDIA,8/8/2025 12:53,379.95,380.25,379.85,380.1,11071
COALINDIA,8/8/2025 12:54,380.1,380.3,380.05,380.3,9211
COALINDIA,8/8/2025 12:55,380.3,380.5,380.15,380.35,11207
COALINDIA,8/8/2025 12:56,380.5,380.6,380.35,380.5,6514
COALINDIA,8/8/2025 12:57,380.5,380.55,380.15,380.35,10817
COALINDIA,8/8/2025 12:58,380.35,380.45,380.15,380.35,5886
COALINDIA,8/8/2025 12:59,380.35,380.4,380.2,380.35,3849
COALINDIA,8/8/2025 13:00,380.2,380.45,380.2,380.35,3923
COALINDIA,8/8/2025 13:01,380.35,380.35,380.1,380.2,3451
COALINDIA,8/8/2025 13:02,380.15,380.3,380,380.1,8979
COALINDIA,8/8/2025 13:03,380.1,380.3,380,380.25,6241
COALINDIA,8/8/2025 13:04,380.25,380.45,380.15,380.2,6471
COALINDIA,8/8/2025 13:05,380.25,380.45,380.1,380.4,3887
COALINDIA,8/8/2025 13:06,380.2,380.45,380.2,380.4,2705
COALINDIA,8/8/2025 13:07,380.4,380.4,380.1,380.25,4754
COALINDIA,8/8/2025 13:08,380.25,380.25,379.85,380.15,32926
COALINDIA,8/8/2025 13:09,380.15,380.15,380,380.1,3697
COALINDIA,8/8/2025 13:10,380,380.2,380,380.1,4963
COALINDIA,8/8/2025 13:11,380.1,380.2,380,380.15,3071
COALINDIA,8/8/2025 13:12,380,380.2,380,380.2,5018
COALINDIA,8/8/2025 13:13,380.2,380.2,380,380.2,4919
COALINDIA,8/8/2025 13:14,380.2,380.3,380.05,380.3,8254
COALINDIA,8/8/2025 13:15,380.3,380.5,380.2,380.5,7679
COALINDIA,8/8/2025 13:16,380.5,380.8,380.4,380.8,8525
COALINDIA,8/8/2025 13:17,380.8,380.8,380.6,380.75,9077
COALINDIA,8/8/2025 13:18,380.75,380.8,380.5,380.5,5898
COALINDIA,8/8/2025 13:19,380.5,380.65,380.4,380.6,3092
COALINDIA,8/8/2025 13:20,380.6,380.7,380.25,380.7,10315
COALINDIA,8/8/2025 13:21,380.7,380.95,380.6,380.95,29508
COALINDIA,8/8/2025 13:22,380.85,380.95,380.7,380.7,6501
COALINDIA,8/8/2025 13:23,380.75,380.9,380.65,380.8,4510
COALINDIA,8/8/2025 13:24,381.2,381.2,380.75,381.05,73557
COALINDIA,8/8/2025 13:25,381.05,381.15,380.7,380.85,6452
COALINDIA,8/8/2025 13:26,380.85,380.9,380.6,380.9,3715
COALINDIA,8/8/2025 13:27,380.85,380.9,380.6,380.75,4580
COALINDIA,8/8/2025 13:28,380.75,380.9,380.25,380.55,31968
COALINDIA,8/8/2025 13:29,380.65,381.95,380.55,381.45,236509
COALINDIA,8/8/2025 13:30,381.45,381.45,381.05,381.4,11234
COALINDIA,8/8/2025 13:31,381.4,381.75,381.3,381.65,8651
COALINDIA,8/8/2025 13:32,381.65,381.75,381.55,381.6,6018
COALINDIA,8/8/2025 13:33,381.65,381.7,381.3,381.3,8771
COALINDIA,8/8/2025 13:34,381.3,381.65,381.3,381.65,5945
COALINDIA,8/8/2025 13:35,381.65,381.75,381.55,381.6,7468
COALINDIA,8/8/2025 13:36,381.55,381.85,381.5,381.6,22158
COALINDIA,8/8/2025 13:37,381.65,381.8,381.35,381.5,16634
COALINDIA,8/8/2025 13:38,381.65,381.9,381.6,381.85,7695
COALINDIA,8/8/2025 13:39,381.85,382,381.75,382,30879
COALINDIA,8/8/2025 13:40,381.95,382,381.8,381.8,13729
COALINDIA,8/8/2025 13:41,381.85,382,381.8,381.9,7259
COALINDIA,8/8/2025 13:42,382,382,381.65,381.95,7505
COALINDIA,8/8/2025 13:43,382,382.05,381.8,382.05,19808
COALINDIA,8/8/2025 13:44,381.9,382.1,381.85,382.05,10149
COALINDIA,8/8/2025 13:45,382.05,382.1,381.9,382.05,12794
COALINDIA,8/8/2025 13:46,382.05,382.1,381.65,381.65,12484
COALINDIA,8/8/2025 13:47,381.8,382.1,381.75,381.85,22946
COALINDIA,8/8/2025 13:48,381.85,381.9,381.5,381.8,16658
COALINDIA,8/8/2025 13:49,381.9,381.9,381.65,381.75,5763
COALINDIA,8/8/2025 13:50,381.75,381.85,381.55,381.6,4569
COALINDIA,8/8/2025 13:51,381.75,381.8,381.55,381.75,6272
COALINDIA,8/8/2025 13:52,381.75,381.85,381.65,381.65,4652
COALINDIA,8/8/2025 13:53,381.65,381.75,381.5,381.65,9808
COALINDIA,8/8/2025 13:54,381.65,381.7,381.4,381.6,5703
COALINDIA,8/8/2025 13:55,381.4,381.65,381.35,381.45,5223
COALINDIA,8/8/2025 13:56,381.5,381.65,381.45,381.5,4866
COALINDIA,8/8/2025 13:57,381.6,381.65,381.4,381.65,6223
COALINDIA,8/8/2025 13:58,381.65,381.7,381.4,381.5,3886
COALINDIA,8/8/2025 13:59,381.5,381.5,381.2,381.5,14660
COALINDIA,8/8/2025 14:00,381.5,381.6,381.3,381.5,20051
COALINDIA,8/8/2025 14:01,381.5,381.5,381.4,381.45,2994
COALINDIA,8/8/2025 14:02,381.45,381.45,381.3,381.3,9161
COALINDIA,8/8/2025 14:03,381.3,381.45,381.2,381.3,2144
COALINDIA,8/8/2025 14:04,381.25,381.35,381.05,381.25,12576
COALINDIA,8/8/2025 14:05,381.25,381.25,381.05,381.25,2253
COALINDIA,8/8/2025 14:06,381.25,381.25,381.05,381.1,3485
COALINDIA,8/8/2025 14:07,381.2,381.2,381,381.15,15506
COALINDIA,8/8/2025 14:08,381.05,381.35,381,381.25,15782
COALINDIA,8/8/2025 14:09,381.4,381.65,381.25,381.5,65977
COALINDIA,8/8/2025 14:10,381.45,381.5,381.4,381.5,2478
COALINDIA,8/8/2025 14:11,381.5,381.65,381.25,381.4,67690
COALINDIA,8/8/2025 14:12,381.4,381.5,380.65,380.8,51125
COALINDIA,8/8/2025 14:13,380.75,381.3,380.65,381,29275
COALINDIA,8/8/2025 14:14,381.1,381.1,380.7,381,6716
COALINDIA,8/8/2025 14:15,381,381.2,380.8,381,5228
COALINDIA,8/8/2025 14:16,380.95,381.3,380.8,381.3,13186
COALINDIA,8/8/2025 14:17,381.25,381.4,381.15,381.3,7215
COALINDIA,8/8/2025 14:18,381.3,381.5,381.3,381.5,17372
COALINDIA,8/8/2025 14:19,381.5,381.7,381.4,381.5,13753
COALINDIA,8/8/2025 14:20,381.5,381.5,381.4,381.5,520
COALINDIA,8/8/2025 14:21,381.4,381.5,381.4,381.5,4998
COALINDIA,8/8/2025 14:22,381.5,381.5,381.35,381.45,7529
COALINDIA,8/8/2025 14:23,381.35,381.45,381.25,381.4,5124
COALINDIA,8/8/2025 14:24,381.4,381.4,381.2,381.35,501
COALINDIA,8/8/2025 14:25,381.35,381.4,381.1,381.25,4063
COALINDIA,8/8/2025 14:26,381.35,381.35,381.05,381.3,7859
COALINDIA,8/8/2025 14:27,381.15,381.3,381.05,381.05,3182
COALINDIA,8/8/2025 14:28,381,381.2,381,381.15,3132
COALINDIA,8/8/2025 14:29,381.15,381.15,381,381,5030
COALINDIA,8/8/2025 14:30,381.15,381.4,381,381.4,4288
COALINDIA,8/8/2025 14:31,381.4,381.4,381.2,381.3,8218
COALINDIA,8/8/2025 14:32,381.3,381.3,380.4,380.85,24977
COALINDIA,8/8/2025 14:33,380.95,381.3,380.75,381.3,25181
COALINDIA,8/8/2025 14:34,381.3,381.3,381,381.2,6249
COALINDIA,8/8/2025 14:35,381.2,381.5,381.05,381.5,5961
COALINDIA,8/8/2025 14:36,381.5,381.55,381.25,381.35,30355
COALINDIA,8/8/2025 14:37,381.2,381.7,381.2,381.5,14429
COALINDIA,8/8/2025 14:38,381.35,381.5,381.3,381.5,3664
COALINDIA,8/8/2025 14:39,381.5,381.55,381.35,381.35,7942
COALINDIA,8/8/2025 14:40,381.6,381.7,381.45,381.7,4654
COALINDIA,8/8/2025 14:41,381.7,381.75,381.55,381.7,5539
COALINDIA,8/8/2025 14:42,381.75,381.9,381.65,381.8,9359
COALINDIA,8/8/2025 14:43,381.7,381.7,381.55,381.7,6896
COALINDIA,8/8/2025 14:44,381.7,381.75,381.45,381.45,4482
COALINDIA,8/8/2025 14:45,381.65,381.7,381.5,381.6,844
COALINDIA,8/8/2025 14:46,381.6,381.65,381.4,381.6,3951
COALINDIA,8/8/2025 14:47,381.6,381.6,381.35,381.45,3348
COALINDIA,8/8/2025 14:48,381.45,381.5,381.3,381.5,3179
COALINDIA,8/8/2025 14:49,381.5,381.7,381.35,381.6,6221
COALINDIA,8/8/2025 14:50,381.6,381.65,381.45,381.55,4654
COALINDIA,8/8/2025 14:51,381.6,381.6,381.3,381.5,1465
COALINDIA,8/8/2025 14:52,381.3,381.5,381.25,381.45,3547
COALINDIA,8/8/2025 14:53,381.45,381.5,381.25,381.4,5254
COALINDIA,8/8/2025 14:54,381.4,381.45,381.25,381.4,5636
COALINDIA,8/8/2025 14:55,381.4,381.4,381.1,381.1,2491
COALINDIA,8/8/2025 14:56,381.3,381.3,381.1,381.25,5677
COALINDIA,8/8/2025 14:57,381.15,381.25,380.95,381.15,17034
COALINDIA,8/8/2025 14:58,381.15,381.15,380.95,380.95,5404
COALINDIA,8/8/2025 14:59,380.95,380.95,380.85,380.95,7077
COALINDIA,8/8/2025 15:00,380.9,380.95,379.95,380.1,331627
COALINDIA,8/8/2025 15:01,380.1,380.15,379.95,380,51510
COALINDIA,8/8/2025 15:02,380,380.2,379.95,379.95,45707
COALINDIA,8/8/2025 15:03,380,380.1,379.95,380,21641
COALINDIA,8/8/2025 15:04,380,380.15,379.9,380.15,38581
COALINDIA,8/8/2025 15:05,380.35,380.35,379.95,380,68351
COALINDIA,8/8/2025 15:06,380,380.15,379.9,379.95,48965
COALINDIA,8/8/2025 15:07,380,380.05,379.95,380,25140
COALINDIA,8/8/2025 15:08,380,380.05,379.85,380.05,15240
COALINDIA,8/8/2025 15:09,380,380,379.55,379.85,27933
COALINDIA,8/8/2025 15:10,379.85,379.85,379.45,379.55,31340
COALINDIA,8/8/2025 15:11,379.55,379.65,379.35,379.45,15188
COALINDIA,8/8/2025 15:12,379.45,379.45,379.1,379.2,10733
COALINDIA,8/8/2025 15:13,379.2,379.2,379,379.15,18189
COALINDIA,8/8/2025 15:14,379.15,379.2,379,379.15,19489
COALINDIA,8/8/2025 15:15,379.15,379.5,379,379.45,31275
COALINDIA,8/8/2025 15:16,379.5,379.5,379.15,379.15,12482
COALINDIA,8/8/2025 15:17,379.15,379.45,379.1,379.35,20971
COALINDIA,8/8/2025 15:18,379.35,379.4,379.15,379.4,14336
COALINDIA,8/8/2025 15:19,379.35,379.4,379.25,379.4,8430
COALINDIA,8/8/2025 15:20,379.4,379.4,378.9,379.1,34527
COALINDIA,8/8/2025 15:21,379.2,379.4,379.2,379.4,17775
COALINDIA,8/8/2025 15:22,379.4,379.4,378.95,379.15,31487
COALINDIA,8/8/2025 15:23,379.15,379.15,378.15,378.6,43663
COALINDIA,8/8/2025 15:24,378.6,378.8,378.5,378.8,23928
COALINDIA,8/8/2025 15:25,378.65,378.85,378.65,378.8,21414
COALINDIA,8/8/2025 15:26,378.75,378.9,378.7,378.9,15871
COALINDIA,8/8/2025 15:27,378.9,378.9,378.7,378.7,15906
COALINDIA,8/8/2025 15:28,378.8,378.8,378.7,378.8,17964
COALINDIA,8/8/2025 15:29,378.7,379,378.65,378.95,12765
IOC,8/8/2025 9:16,139.94,140.43,139.94,140.22,182682
IOC,8/8/2025 9:17,140.11,140.22,139.7,139.74,121575
IOC,8/8/2025 9:18,139.76,140.21,139.68,140.1,106098
IOC,8/8/2025 9:19,140.16,140.28,140,140.09,86801
IOC,8/8/2025 9:20,140.11,140.35,140.05,140.35,114348
IOC,8/8/2025 9:21,140.39,140.6,140.26,140.45,79308
IOC,8/8/2025 9:22,140.45,140.83,140.41,140.8,130345
IOC,8/8/2025 9:23,140.8,140.99,140.7,140.85,79968
IOC,8/8/2025 9:24,140.89,140.9,140.59,140.86,50787
IOC,8/8/2025 9:25,140.86,141.2,140.73,141.14,99023
IOC,8/8/2025 9:26,141.14,141.4,141.09,141.31,81882
IOC,8/8/2025 9:27,141.35,141.62,141.25,141.5,107585
IOC,8/8/2025 9:28,141.57,141.6,141.26,141.57,64612
IOC,8/8/2025 9:29,141.62,141.67,141.45,141.45,47839
IOC,8/8/2025 9:30,141.43,141.45,141.17,141.41,39440
IOC,8/8/2025 9:31,141.35,141.7,141.35,141.5,79893
IOC,8/8/2025 9:32,141.5,141.55,141.35,141.5,27648
IOC,8/8/2025 9:33,141.51,141.65,141.5,141.58,94323
IOC,8/8/2025 9:34,141.6,141.65,141.3,141.3,57429
IOC,8/8/2025 9:35,141.35,141.58,141.23,141.48,143104
IOC,8/8/2025 9:36,141.56,141.66,141.3,141.59,91864
IOC,8/8/2025 9:37,141.5,141.66,141.37,141.65,80369
IOC,8/8/2025 9:38,141.65,142,141.65,141.74,283374
IOC,8/8/2025 9:39,141.77,141.8,141.6,141.8,149866
IOC,8/8/2025 9:40,141.85,141.86,141.7,141.8,84462
IOC,8/8/2025 9:41,141.73,141.77,141.39,141.45,85679
IOC,8/8/2025 9:42,141.45,141.5,141.38,141.39,49121
IOC,8/8/2025 9:43,141.3,141.33,141.22,141.29,46003
IOC,8/8/2025 9:44,141.23,141.38,141.21,141.28,21331
IOC,8/8/2025 9:45,141.28,141.28,141.01,141.1,52775
IOC,8/8/2025 9:46,141.1,141.25,141.05,141.11,24129
IOC,8/8/2025 9:47,141.05,141.06,140.75,140.75,121664
IOC,8/8/2025 9:48,140.75,140.98,140.7,140.9,94388
IOC,8/8/2025 9:49,140.96,140.97,140.69,140.7,28629
IOC,8/8/2025 9:50,140.73,140.84,140.67,140.76,15747
IOC,8/8/2025 9:51,140.71,140.84,140.7,140.84,33143
IOC,8/8/2025 9:52,140.82,140.98,140.8,140.95,13254
IOC,8/8/2025 9:53,140.94,141.07,140.94,141.03,12805
IOC,8/8/2025 9:54,141.04,141.07,140.91,141.04,24877
IOC,8/8/2025 9:55,141.04,141.07,141,141,13967
IOC,8/8/2025 9:56,140.96,141.04,140.76,140.83,25411
IOC,8/8/2025 9:57,140.84,140.84,140.59,140.61,25679
IOC,8/8/2025 9:58,140.6,140.66,140.45,140.66,150722
IOC,8/8/2025 9:59,140.66,140.69,140.45,140.52,15882
IOC,8/8/2025 10:00,140.52,140.56,140.45,140.56,18124
IOC,8/8/2025 10:01,140.56,140.57,140.32,140.41,32748
IOC,8/8/2025 10:02,140.39,140.4,140.28,140.4,23983
IOC,8/8/2025 10:03,140.45,140.55,140.37,140.54,13000
IOC,8/8/2025 10:04,140.5,140.56,140.5,140.51,10109
IOC,8/8/2025 10:05,140.43,140.5,140.35,140.38,17786
IOC,8/8/2025 10:06,140.28,140.49,140.28,140.49,28845
IOC,8/8/2025 10:07,140.49,140.64,140.44,140.64,33518
IOC,8/8/2025 10:08,140.56,140.8,140.56,140.8,9219
IOC,8/8/2025 10:09,140.75,140.79,140.65,140.7,38868
IOC,8/8/2025 10:10,140.74,140.8,140.73,140.78,8639
IOC,8/8/2025 10:11,140.78,140.9,140.77,140.9,20289
IOC,8/8/2025 10:12,140.89,140.89,140.72,140.86,25452
IOC,8/8/2025 10:13,140.86,141.4,140.85,141.39,61686
IOC,8/8/2025 10:14,141.35,141.41,141.11,141.21,25067
IOC,8/8/2025 10:15,141.21,141.39,141.21,141.34,69416
IOC,8/8/2025 10:16,141.34,141.4,141.2,141.4,33727
IOC,8/8/2025 10:17,141.37,141.55,141.37,141.53,36634
IOC,8/8/2025 10:18,141.55,141.69,141.52,141.6,47991
IOC,8/8/2025 10:19,141.6,141.6,141.45,141.45,9997
IOC,8/8/2025 10:20,141.44,141.48,141.26,141.33,18589
IOC,8/8/2025 10:21,141.26,141.33,141.12,141.2,13666
IOC,8/8/2025 10:22,141.15,141.23,141.1,141.14,19498
IOC,8/8/2025 10:23,141.14,141.29,141.11,141.26,9743
IOC,8/8/2025 10:24,141.3,141.3,141.25,141.3,3824
IOC,8/8/2025 10:25,141.25,141.26,141.17,141.22,14184
IOC,8/8/2025 10:26,141.22,141.3,141.19,141.27,3435
IOC,8/8/2025 10:27,141.27,141.27,141.06,141.08,14319
IOC,8/8/2025 10:28,141.1,141.1,140.88,140.94,34096
IOC,8/8/2025 10:29,140.89,140.97,140.77,140.85,9629
IOC,8/8/2025 10:30,140.85,140.95,140.85,140.91,9016
IOC,8/8/2025 10:31,140.94,140.94,140.79,140.79,15406
IOC,8/8/2025 10:32,140.73,140.83,140.73,140.81,6799
IOC,8/8/2025 10:33,140.83,140.88,140.81,140.88,11183
IOC,8/8/2025 10:34,140.83,140.86,140.75,140.79,7963
IOC,8/8/2025 10:35,140.75,140.8,140.71,140.71,8715
IOC,8/8/2025 10:36,140.71,140.85,140.7,140.84,9474
IOC,8/8/2025 10:37,140.85,140.86,140.78,140.78,8258
IOC,8/8/2025 10:38,140.84,140.88,140.78,140.87,7815
IOC,8/8/2025 10:39,140.87,140.88,140.66,140.67,32656
IOC,8/8/2025 10:40,140.7,140.7,140.65,140.7,11747
IOC,8/8/2025 10:41,140.69,140.82,140.67,140.82,5219
IOC,8/8/2025 10:42,140.82,140.85,140.69,140.74,29733
IOC,8/8/2025 10:43,140.8,140.81,140.66,140.74,14315
IOC,8/8/2025 10:44,140.73,140.74,140.64,140.66,7222
IOC,8/8/2025 10:45,140.65,140.74,140.63,140.7,6419
IOC,8/8/2025 10:46,140.7,140.71,140.61,140.61,6252
IOC,8/8/2025 10:47,140.61,140.7,140.58,140.62,26384
IOC,8/8/2025 10:48,140.62,140.63,140.57,140.6,2176
IOC,8/8/2025 10:49,140.6,140.65,140.57,140.61,7988
IOC,8/8/2025 10:50,140.61,140.65,140.57,140.57,6119
IOC,8/8/2025 10:51,140.59,140.6,140.52,140.6,8408
IOC,8/8/2025 10:52,140.6,140.6,140.55,140.6,4744
IOC,8/8/2025 10:53,140.6,140.7,140.55,140.7,7158
IOC,8/8/2025 10:54,140.7,140.72,140.63,140.69,3640
IOC,8/8/2025 10:55,140.69,140.74,140.66,140.72,11725
IOC,8/8/2025 10:56,140.66,140.84,140.66,140.76,21441
IOC,8/8/2025 10:57,140.75,140.8,140.75,140.75,9857
IOC,8/8/2025 10:58,140.79,140.79,140.75,140.75,5229
IOC,8/8/2025 10:59,140.75,140.85,140.65,140.81,41451
IOC,8/8/2025 11:00,140.85,141.09,140.85,140.99,59424
IOC,8/8/2025 11:01,140.99,141.08,140.91,141.08,11678
IOC,8/8/2025 11:02,141.09,141.09,140.97,141.08,13119
IOC,8/8/2025 11:03,141.08,141.08,140.95,140.95,6125
IOC,8/8/2025 11:04,140.96,141,140.95,140.95,8710
IOC,8/8/2025 11:05,140.9,140.95,140.75,140.8,7430
IOC,8/8/2025 11:06,140.8,140.97,140.8,140.92,9761
IOC,8/8/2025 11:07,140.92,140.95,140.89,140.9,2507
IOC,8/8/2025 11:08,140.9,140.95,140.9,140.94,2387
IOC,8/8/2025 11:09,140.9,140.95,140.79,140.94,32414
IOC,8/8/2025 11:10,140.95,141.08,140.94,141.07,16752
IOC,8/8/2025 11:11,141.03,141.2,141.02,141.2,25440
IOC,8/8/2025 11:12,141.2,141.22,141.05,141.15,9833
IOC,8/8/2025 11:13,141.15,141.15,141.07,141.15,10238
IOC,8/8/2025 11:14,141.15,141.2,141.12,141.19,5360
IOC,8/8/2025 11:15,141.16,141.39,141.12,141.33,74143
IOC,8/8/2025 11:16,141.45,141.67,141.45,141.51,87345
IOC,8/8/2025 11:17,141.45,141.53,141.43,141.5,5646
IOC,8/8/2025 11:18,141.5,141.59,141.45,141.54,18713
IOC,8/8/2025 11:19,141.55,141.84,141.53,141.72,59907
IOC,8/8/2025 11:20,141.7,141.84,141.65,141.8,42912
IOC,8/8/2025 11:21,141.8,141.95,141.75,141.93,84858
IOC,8/8/2025 11:22,141.9,142,141.84,141.85,87153
IOC,8/8/2025 11:23,141.85,141.85,141.42,141.56,96651
IOC,8/8/2025 11:24,141.48,141.57,141.44,141.56,16212
IOC,8/8/2025 11:25,141.56,141.7,141.5,141.63,39943
IOC,8/8/2025 11:26,141.62,141.87,141.56,141.8,14568
IOC,8/8/2025 11:27,141.83,141.85,141.73,141.82,20694
IOC,8/8/2025 11:28,141.8,141.84,141.61,141.61,24070
IOC,8/8/2025 11:29,141.68,141.68,141.55,141.56,16909
IOC,8/8/2025 11:30,141.6,141.6,141.39,141.43,22885
IOC,8/8/2025 11:31,141.43,141.58,141.33,141.43,23984
IOC,8/8/2025 11:32,141.43,141.52,141.4,141.49,22306
IOC,8/8/2025 11:33,141.49,141.5,141.27,141.42,65046
IOC,8/8/2025 11:34,141.42,141.45,141.35,141.37,3485
IOC,8/8/2025 11:35,141.42,141.5,141.36,141.41,6503
IOC,8/8/2025 11:36,141.41,141.41,141.3,141.39,4915
IOC,8/8/2025 11:37,141.37,141.39,141.23,141.29,8833
IOC,8/8/2025 11:38,141.28,141.28,140.97,141.05,51170
IOC,8/8/2025 11:39,141.04,141.08,141,141.03,6968
IOC,8/8/2025 11:40,141.03,141.08,141.02,141.05,7014
IOC,8/8/2025 11:41,141.05,141.18,140.97,141.15,33554
IOC,8/8/2025 11:42,141.18,141.37,141.18,141.35,24889
IOC,8/8/2025 11:43,141.34,141.39,141.26,141.32,11549
IOC,8/8/2025 11:44,141.33,141.37,141.24,141.29,11279
IOC,8/8/2025 11:45,141.35,141.35,141.24,141.34,3934
IOC,8/8/2025 11:46,141.34,141.43,141.34,141.34,10898
IOC,8/8/2025 11:47,141.37,141.37,141.31,141.34,4911
IOC,8/8/2025 11:48,141.34,141.35,141.28,141.34,9769
IOC,8/8/2025 11:49,141.34,141.38,141.28,141.38,10546
IOC,8/8/2025 11:50,141.38,141.38,141.3,141.36,10469
IOC,8/8/2025 11:51,141.36,141.39,141.3,141.37,3241
IOC,8/8/2025 11:52,141.35,141.38,141.31,141.38,4234
IOC,8/8/2025 11:53,141.38,141.38,141.28,141.3,3726
IOC,8/8/2025 11:54,141.31,141.31,141.2,141.24,24386
IOC,8/8/2025 11:55,141.26,141.39,141.26,141.38,8796
IOC,8/8/2025 11:56,141.31,141.44,141.31,141.44,4764
IOC,8/8/2025 11:57,141.44,141.44,141.37,141.42,6698
IOC,8/8/2025 11:58,141.43,141.43,141.3,141.39,12461
IOC,8/8/2025 11:59,141.39,141.4,141.3,141.4,7146
IOC,8/8/2025 12:00,141.39,141.4,141.32,141.33,3637
IOC,8/8/2025 12:01,141.38,141.38,141.3,141.38,3089
IOC,8/8/2025 12:02,141.37,141.38,141.22,141.29,24087
IOC,8/8/2025 12:03,141.21,141.22,141.15,141.22,13579
IOC,8/8/2025 12:04,141.2,141.3,141.2,141.22,7107
IOC,8/8/2025 12:05,141.22,141.22,141.13,141.16,11916
IOC,8/8/2025 12:06,141.2,141.33,141.16,141.32,24523
IOC,8/8/2025 12:07,141.34,141.36,141.27,141.32,5239
IOC,8/8/2025 12:08,141.33,141.4,141.3,141.4,13931
IOC,8/8/2025 12:09,141.4,141.43,141.19,141.19,16968
IOC,8/8/2025 12:10,141.28,141.3,141.2,141.22,7791
IOC,8/8/2025 12:11,141.29,141.29,141.11,141.28,7475
IOC,8/8/2025 12:12,141.27,141.35,141.27,141.3,1580
IOC,8/8/2025 12:13,141.34,141.36,141.3,141.3,1824
IOC,8/8/2025 12:14,141.3,141.37,141.26,141.37,3336
IOC,8/8/2025 12:15,141.35,141.35,141.3,141.33,1310
IOC,8/8/2025 12:16,141.33,141.33,141.23,141.23,1886
IOC,8/8/2025 12:17,141.29,141.29,141.21,141.28,4456
IOC,8/8/2025 12:18,141.28,141.28,141.2,141.2,2447
IOC,8/8/2025 12:19,141.2,141.28,141.2,141.28,310
IOC,8/8/2025 12:20,141.23,141.28,141.2,141.26,1840
IOC,8/8/2025 12:21,141.21,141.24,141.11,141.11,6155
IOC,8/8/2025 12:22,141.11,141.19,141.1,141.1,9223
IOC,8/8/2025 12:23,141.11,141.15,141.07,141.11,5304
IOC,8/8/2025 12:24,141.07,141.17,141.07,141.07,906
IOC,8/8/2025 12:25,141.1,141.18,141.1,141.11,4312
IOC,8/8/2025 12:26,141.11,141.25,141.1,141.25,8924
IOC,8/8/2025 12:27,141.21,141.29,141.21,141.25,6156
IOC,8/8/2025 12:28,141.29,141.29,141.15,141.2,5075
IOC,8/8/2025 12:29,141.14,141.24,141.14,141.23,3349
IOC,8/8/2025 12:30,141.23,141.29,141.21,141.26,2124
IOC,8/8/2025 12:31,141.26,141.29,141.2,141.21,571
IOC,8/8/2025 12:32,141.21,141.22,141.12,141.17,10532
IOC,8/8/2025 12:33,141.17,141.17,141.08,141.12,31692
IOC,8/8/2025 12:34,141.08,141.15,141.05,141.15,7088
IOC,8/8/2025 12:35,141.1,141.15,141.07,141.07,829
IOC,8/8/2025 12:36,141.07,141.14,141.06,141.12,2425
IOC,8/8/2025 12:37,141.1,141.13,141.05,141.1,3984
IOC,8/8/2025 12:38,141.05,141.07,140.9,140.94,60410
IOC,8/8/2025 12:39,140.93,141.05,140.93,141.05,9234
IOC,8/8/2025 12:40,140.99,141.05,140.99,141,3030
IOC,8/8/2025 12:41,141.01,141.07,141,141.07,2262
IOC,8/8/2025 12:42,141.07,141.07,140.98,140.98,2330
IOC,8/8/2025 12:43,140.98,141,140.96,140.96,3975
IOC,8/8/2025 12:44,140.93,141,140.9,140.98,12325
IOC,8/8/2025 12:45,140.98,141,140.91,141,3799
IOC,8/8/2025 12:46,141,141,140.93,140.99,3603
IOC,8/8/2025 12:47,141,141,140.96,141,2401
IOC,8/8/2025 12:48,140.95,141.1,140.95,141.09,4650
IOC,8/8/2025 12:49,141.07,141.07,141,141.07,776
IOC,8/8/2025 12:50,141.07,141.23,141.06,141.23,1612
IOC,8/8/2025 12:51,141.29,141.29,141.2,141.2,3253
IOC,8/8/2025 12:52,141.2,141.22,141.1,141.2,4745
IOC,8/8/2025 12:53,141.2,141.3,141.2,141.24,16819
IOC,8/8/2025 12:54,141.25,141.34,141.24,141.3,13562
IOC,8/8/2025 12:55,141.34,141.5,141.33,141.46,25317
IOC,8/8/2025 12:56,141.42,141.61,141.42,141.47,29789
IOC,8/8/2025 12:57,141.47,141.5,141.4,141.5,4075
IOC,8/8/2025 12:58,141.49,141.49,141.31,141.31,7367
IOC,8/8/2025 12:59,141.36,141.4,141.28,141.31,4869
IOC,8/8/2025 13:00,141.3,141.3,141.2,141.2,2481
IOC,8/8/2025 13:01,141.24,141.25,141.11,141.17,2297
IOC,8/8/2025 13:02,141.17,141.21,141.1,141.19,12624
IOC,8/8/2025 13:03,141.21,141.22,141.11,141.19,1776
IOC,8/8/2025 13:04,141.19,141.23,141.13,141.21,730
IOC,8/8/2025 13:05,141.21,141.34,141.15,141.34,21581
IOC,8/8/2025 13:06,141.23,141.3,141.23,141.3,1842
IOC,8/8/2025 13:07,141.28,141.3,141.15,141.19,2578
IOC,8/8/2025 13:08,141.14,141.14,141.06,141.06,2666
IOC,8/8/2025 13:09,141.13,141.14,141.06,141.06,2329
IOC,8/8/2025 13:10,141.12,141.16,141.03,141.03,8129
IOC,8/8/2025 13:11,141.05,141.11,141,141.05,7209
IOC,8/8/2025 13:12,141,141.2,140.95,141.09,53483
IOC,8/8/2025 13:13,141.02,141.1,141.01,141.01,677
IOC,8/8/2025 13:14,141.06,141.08,141,141.05,2487
IOC,8/8/2025 13:15,141.1,141.22,141.03,141.2,11943
IOC,8/8/2025 13:16,141.25,141.29,141.19,141.29,21649
IOC,8/8/2025 13:17,141.29,141.4,141.25,141.25,8518
IOC,8/8/2025 13:18,141.3,141.33,141.23,141.24,1915
IOC,8/8/2025 13:19,141.21,141.3,141.21,141.28,1244
IOC,8/8/2025 13:20,141.23,141.39,141.23,141.3,4857
IOC,8/8/2025 13:21,141.29,141.4,141.29,141.39,5218
IOC,8/8/2025 13:22,141.32,141.4,141.29,141.31,7377
IOC,8/8/2025 13:23,141.31,141.32,141.28,141.29,6270
IOC,8/8/2025 13:24,141.29,141.39,141.29,141.34,4769
IOC,8/8/2025 13:25,141.32,141.32,141.15,141.16,5869
IOC,8/8/2025 13:26,141.16,141.19,141.1,141.18,4498
IOC,8/8/2025 13:27,141.18,141.18,141.06,141.07,2515
IOC,8/8/2025 13:28,141.12,141.12,140.96,140.99,14863
IOC,8/8/2025 13:29,140.99,141.11,140.99,141.08,3895
IOC,8/8/2025 13:30,141.11,141.14,141.02,141.14,4948
IOC,8/8/2025 13:31,141.14,141.31,141.1,141.29,6226
IOC,8/8/2025 13:32,141.3,141.35,141.21,141.26,4039
IOC,8/8/2025 13:33,141.27,141.35,141.18,141.24,7055
IOC,8/8/2025 13:34,141.18,141.29,141.16,141.28,2636
IOC,8/8/2025 13:35,141.28,141.33,141.28,141.3,1193
IOC,8/8/2025 13:36,141.32,141.32,141.28,141.28,3138
IOC,8/8/2025 13:37,141.31,141.31,141.23,141.24,1189
IOC,8/8/2025 13:38,141.24,141.28,141.17,141.24,2115
IOC,8/8/2025 13:39,141.19,141.28,141.19,141.27,5198
IOC,8/8/2025 13:40,141.26,141.26,141.18,141.18,4526
IOC,8/8/2025 13:41,141.22,141.23,141.12,141.2,5114
IOC,8/8/2025 13:42,141.14,141.27,141.14,141.21,9899
IOC,8/8/2025 13:43,141.27,141.28,141.21,141.28,1537
IOC,8/8/2025 13:44,141.25,141.3,141.25,141.3,2116
IOC,8/8/2025 13:45,141.29,141.29,141.26,141.28,679
IOC,8/8/2025 13:46,141.25,141.28,141.17,141.17,7158
IOC,8/8/2025 13:47,141.17,141.23,141.1,141.1,11708
IOC,8/8/2025 13:48,141.16,141.16,141.02,141.09,8195
IOC,8/8/2025 13:49,141.1,141.11,141.04,141.11,3379
IOC,8/8/2025 13:50,141.11,141.11,141.04,141.11,6204
IOC,8/8/2025 13:51,141.11,141.11,141.07,141.07,1029
IOC,8/8/2025 13:52,141.07,141.12,141.06,141.12,3272
IOC,8/8/2025 13:53,141.12,141.12,141.06,141.1,817
IOC,8/8/2025 13:54,141.1,141.12,141.06,141.06,2062
IOC,8/8/2025 13:55,141.06,141.1,141.01,141.04,3090
IOC,8/8/2025 13:56,141.04,141.1,141.01,141.1,3247
IOC,8/8/2025 13:57,141.03,141.07,141,141.07,7993
IOC,8/8/2025 13:58,141,141.07,140.99,141.06,5036
IOC,8/8/2025 13:59,141,141.08,140.99,141.07,2028
IOC,8/8/2025 14:00,141.07,141.1,141.04,141.1,916
IOC,8/8/2025 14:01,141.1,141.19,141.05,141.19,13112
IOC,8/8/2025 14:02,141.23,141.23,141.1,141.16,10135
IOC,8/8/2025 14:03,141.16,141.17,141.09,141.09,7926
IOC,8/8/2025 14:04,141.09,141.09,141.01,141.07,4716
IOC,8/8/2025 14:05,141.08,141.1,141.02,141.06,6039
IOC,8/8/2025 14:06,141.02,141.1,141.02,141.06,3100
IOC,8/8/2025 14:07,141.02,141.07,140.92,140.97,19091
IOC,8/8/2025 14:08,140.97,140.98,140.91,140.94,2963
IOC,8/8/2025 14:09,140.94,141.02,140.91,140.96,6321
IOC,8/8/2025 14:10,140.91,140.98,140.91,140.97,3696
IOC,8/8/2025 14:11,140.96,140.96,140.84,140.9,9542
IOC,8/8/2025 14:12,140.88,140.89,140.56,140.74,21361
IOC,8/8/2025 14:13,140.67,140.74,140.64,140.71,10736
IOC,8/8/2025 14:14,140.72,140.72,140.67,140.72,3183
IOC,8/8/2025 14:15,140.7,140.74,140.68,140.73,3812
IOC,8/8/2025 14:16,140.71,140.92,140.71,140.92,15716
IOC,8/8/2025 14:17,140.88,140.92,140.85,140.92,13503
IOC,8/8/2025 14:18,140.92,140.95,140.88,140.91,29792
IOC,8/8/2025 14:19,140.91,140.98,140.91,140.91,1826
IOC,8/8/2025 14:20,140.91,140.94,140.85,140.88,4192
IOC,8/8/2025 14:21,140.88,140.95,140.87,140.87,14911
IOC,8/8/2025 14:22,140.88,141,140.87,141,1205
IOC,8/8/2025 14:23,141,141.02,140.9,140.9,6430
IOC,8/8/2025 14:24,140.97,140.98,140.9,140.9,13626
IOC,8/8/2025 14:25,140.85,140.92,140.8,140.8,5903
IOC,8/8/2025 14:26,140.78,140.85,140.75,140.85,9376
IOC,8/8/2025 14:27,140.83,140.83,140.7,140.7,11684
IOC,8/8/2025 14:28,140.76,140.8,140.62,140.62,10318
IOC,8/8/2025 14:29,140.65,140.74,140.61,140.72,8613
IOC,8/8/2025 14:30,140.64,140.8,140.64,140.8,8802
IOC,8/8/2025 14:31,140.78,140.79,140.69,140.71,14814
IOC,8/8/2025 14:32,140.71,140.74,140.63,140.7,7718
IOC,8/8/2025 14:33,140.7,140.84,140.64,140.8,10125
IOC,8/8/2025 14:34,140.78,140.86,140.75,140.82,5316
IOC,8/8/2025 14:35,140.81,140.93,140.75,140.93,14310
IOC,8/8/2025 14:36,140.93,140.93,140.88,140.93,1648
IOC,8/8/2025 14:37,140.92,140.93,140.71,140.79,34720
IOC,8/8/2025 14:38,140.78,140.88,140.71,140.81,7769
IOC,8/8/2025 14:39,140.84,140.89,140.81,140.82,4392
IOC,8/8/2025 14:40,140.88,140.9,140.85,140.88,2330
IOC,8/8/2025 14:41,140.86,140.98,140.86,140.98,9109
IOC,8/8/2025 14:42,140.94,141.01,140.94,141,13074
IOC,8/8/2025 14:43,141,141.05,140.96,141,3131
IOC,8/8/2025 14:44,140.98,141,140.9,140.94,63504
IOC,8/8/2025 14:45,140.94,140.94,140.85,140.88,13418
IOC,8/8/2025 14:46,140.88,140.88,140.82,140.85,2856
IOC,8/8/2025 14:47,140.85,140.85,140.75,140.78,5480
IOC,8/8/2025 14:48,140.78,140.78,140.7,140.77,4870
IOC,8/8/2025 14:49,140.77,140.89,140.77,140.86,19149
IOC,8/8/2025 14:50,140.85,140.87,140.76,140.82,4753
IOC,8/8/2025 14:51,140.83,140.83,140.7,140.77,9046
IOC,8/8/2025 14:52,140.7,140.75,140.7,140.72,5237
IOC,8/8/2025 14:53,140.75,140.75,140.65,140.65,10833
IOC,8/8/2025 14:54,140.69,140.73,140.66,140.7,23247
IOC,8/8/2025 14:55,140.73,140.75,140.7,140.75,3973
IOC,8/8/2025 14:56,140.74,140.75,140.63,140.7,36519
IOC,8/8/2025 14:57,140.7,140.7,140.64,140.65,5297
IOC,8/8/2025 14:58,140.7,140.7,140.63,140.65,3768
IOC,8/8/2025 14:59,140.7,140.7,140.64,140.7,8439
IOC,8/8/2025 15:00,140.65,140.71,140.5,140.61,64391
IOC,8/8/2025 15:01,140.57,140.6,140.5,140.53,49326
IOC,8/8/2025 15:02,140.53,140.54,140.5,140.5,18331
IOC,8/8/2025 15:03,140.51,140.51,140.31,140.38,97133
IOC,8/8/2025 15:04,140.38,140.38,140.28,140.36,102170
IOC,8/8/2025 15:05,140.37,140.37,140.27,140.33,41966
IOC,8/8/2025 15:06,140.33,140.36,140.21,140.24,60665
IOC,8/8/2025 15:07,140.27,140.29,140.21,140.26,19004
IOC,8/8/2025 15:08,140.26,140.27,140.16,140.2,24776
IOC,8/8/2025 15:09,140.21,140.21,140.05,140.11,43648
IOC,8/8/2025 15:10,140.13,140.2,140.05,140.14,56151
IOC,8/8/2025 15:11,140.13,140.13,140,140.06,52079
IOC,8/8/2025 15:12,140.06,140.06,139.91,139.93,91911
IOC,8/8/2025 15:13,139.9,139.93,139.75,139.81,81305
IOC,8/8/2025 15:14,139.81,139.81,139.7,139.77,51890
IOC,8/8/2025 15:15,139.72,139.78,139.67,139.74,81850
IOC,8/8/2025 15:16,139.75,139.75,139.61,139.61,49055
IOC,8/8/2025 15:17,139.66,139.68,139.59,139.64,30737
IOC,8/8/2025 15:18,139.64,139.68,139.56,139.61,59441
IOC,8/8/2025 15:19,139.64,139.69,139.6,139.64,91921
IOC,8/8/2025 15:20,139.64,139.74,139.56,139.73,111376
IOC,8/8/2025 15:21,139.78,139.81,139.71,139.77,36473
IOC,8/8/2025 15:22,139.77,139.8,139.76,139.79,17052
IOC,8/8/2025 15:23,139.79,139.79,139.72,139.75,27323
IOC,8/8/2025 15:24,139.75,139.75,139.57,139.61,111527
IOC,8/8/2025 15:25,139.6,139.6,139.51,139.6,139995
IOC,8/8/2025 15:26,139.59,139.72,139.59,139.68,40501
IOC,8/8/2025 15:27,139.68,139.75,139.62,139.75,46812
IOC,8/8/2025 15:28,139.71,139.78,139.63,139.74,48115
IOC,8/8/2025 15:29,139.75,139.85,139.74,139.8,23334
ITC,8/8/2025 9:16,414.75,414.95,414.3,414.6,37727
ITC,8/8/2025 9:17,414.6,414.9,414.25,414.9,35350
ITC,8/8/2025 9:18,414.9,414.95,414.65,414.95,41837
ITC,8/8/2025 9:19,415,415,414.8,414.95,35141
ITC,8/8/2025 9:20,414.95,415,414.75,414.9,47845
ITC,8/8/2025 9:21,414.85,414.9,414.7,414.8,35982
ITC,8/8/2025 9:22,414.85,414.85,414.65,414.85,47506
ITC,8/8/2025 9:23,414.85,414.85,414.75,414.8,102809
ITC,8/8/2025 9:24,414.8,414.85,414.75,414.8,32610
ITC,8/8/2025 9:25,414.75,414.85,414.75,414.8,69437
ITC,8/8/2025 9:26,414.75,414.9,414.75,414.8,37367
ITC,8/8/2025 9:27,414.85,414.85,414.7,414.75,25882
ITC,8/8/2025 9:28,414.8,414.8,414.25,414.25,56942
ITC,8/8/2025 9:29,414.25,414.4,414.05,414.05,17769
ITC,8/8/2025 9:30,414.2,414.25,413.9,413.9,29394
ITC,8/8/2025 9:31,414,414.1,413.9,414,11807
ITC,8/8/2025 9:32,413.95,414,413.9,414,12044
ITC,8/8/2025 9:33,414,414.25,413.9,414.25,12610
ITC,8/8/2025 9:34,414.25,414.25,413.95,413.95,15517
ITC,8/8/2025 9:35,414.1,414.1,413.9,413.95,11693
ITC,8/8/2025 9:36,413.95,413.95,413.9,413.95,7387
ITC,8/8/2025 9:37,413.95,413.95,413.75,413.9,15790
ITC,8/8/2025 9:38,413.95,414,413.9,413.9,13886
ITC,8/8/2025 9:39,413.95,414,413.9,413.95,13217
ITC,8/8/2025 9:40,413.95,413.95,413.9,413.95,9129
ITC,8/8/2025 9:41,413.95,414.15,413.9,414.05,19023
ITC,8/8/2025 9:42,414,414.05,413.9,413.9,4808
ITC,8/8/2025 9:43,413.95,414,413.9,413.95,8572
ITC,8/8/2025 9:44,413.95,413.95,413.9,413.95,6595
ITC,8/8/2025 9:45,413.95,413.95,413.9,413.95,14929
ITC,8/8/2025 9:46,413.9,414,413.9,414,10298
ITC,8/8/2025 9:47,414,414.2,413.9,414.15,113275
ITC,8/8/2025 9:48,414.2,414.2,413.95,414,144662
ITC,8/8/2025 9:49,414.15,414.25,414,414.05,82417
ITC,8/8/2025 9:50,414.05,414.05,413.95,414,68171
ITC,8/8/2025 9:51,414,414.05,413.95,414.05,47756
ITC,8/8/2025 9:52,414.05,414.05,414,414,29167
ITC,8/8/2025 9:53,414.05,414.15,414,414.1,17796
ITC,8/8/2025 9:54,414.1,414.3,414.05,414.3,14106
ITC,8/8/2025 9:55,414.4,414.85,414.35,414.75,17329
ITC,8/8/2025 9:56,414.6,414.7,414.35,414.45,16325
ITC,8/8/2025 9:57,414.45,414.5,414.35,414.45,17220
ITC,8/8/2025 9:58,414.45,414.5,414.25,414.45,33337
ITC,8/8/2025 9:59,414.45,414.45,414.3,414.45,3021
ITC,8/8/2025 10:00,414.45,414.45,414.2,414.3,13747
ITC,8/8/2025 10:01,414.3,414.35,414.15,414.3,12588
ITC,8/8/2025 10:02,414.2,414.3,413.95,414.05,23921
ITC,8/8/2025 10:03,414.05,414.05,414,414.05,49291
ITC,8/8/2025 10:04,414.05,414.25,414,414.25,40883
ITC,8/8/2025 10:05,414.25,414.25,414,414.05,15845
ITC,8/8/2025 10:06,414.15,414.15,414,414,52775
ITC,8/8/2025 10:07,414.05,414.05,414,414,97174
ITC,8/8/2025 10:08,414.05,414.2,414,414.15,84978
ITC,8/8/2025 10:09,414.15,414.2,414,414.05,37829
ITC,8/8/2025 10:10,414.05,414.1,414,414.05,7786
ITC,8/8/2025 10:11,414.05,414.15,414,414.1,18135
ITC,8/8/2025 10:12,414.15,414.15,413.7,413.9,85336
ITC,8/8/2025 10:13,413.9,414.05,413.8,414,15672
ITC,8/8/2025 10:14,414.05,414.15,414.05,414.1,9400
ITC,8/8/2025 10:15,414.15,414.2,414.1,414.15,9844
ITC,8/8/2025 10:16,414.05,414.15,414.05,414.05,5891
ITC,8/8/2025 10:17,414.05,414.1,413.85,413.9,8788
ITC,8/8/2025 10:18,413.85,414.15,413.85,414.1,10192
ITC,8/8/2025 10:19,414.1,414.15,413.9,414.15,15755
ITC,8/8/2025 10:20,414.15,414.15,414,414.15,5940
ITC,8/8/2025 10:21,414.1,414.15,414.05,414.15,7724
ITC,8/8/2025 10:22,414.15,414.5,414.15,414.45,9966
ITC,8/8/2025 10:23,414.45,414.65,414.35,414.6,12477
ITC,8/8/2025 10:24,414.65,414.85,414.6,414.85,11147
ITC,8/8/2025 10:25,414.85,414.9,414.7,414.85,21147
ITC,8/8/2025 10:26,414.85,415.1,414.8,415.1,39345
ITC,8/8/2025 10:27,415.1,415.2,415,415.1,16012
ITC,8/8/2025 10:28,415,415,414.75,414.9,6821
ITC,8/8/2025 10:29,414.9,414.9,414.8,414.9,6635
ITC,8/8/2025 10:30,414.9,414.9,414.8,414.85,7610
ITC,8/8/2025 10:31,414.9,414.9,414.75,414.8,6482
ITC,8/8/2025 10:32,414.8,414.8,414.6,414.7,11300
ITC,8/8/2025 10:33,414.85,415.05,414.8,415.05,53401
ITC,8/8/2025 10:34,415.05,415.05,414.85,415,37809
ITC,8/8/2025 10:35,415,415,414.8,414.85,6327
ITC,8/8/2025 10:36,414.8,414.9,414.8,414.9,7021
ITC,8/8/2025 10:37,414.85,414.9,414.75,414.8,9000
ITC,8/8/2025 10:38,414.75,414.8,414.7,414.8,6805
ITC,8/8/2025 10:39,414.8,415,414.75,414.9,16413
ITC,8/8/2025 10:40,414.9,414.9,414.75,414.85,8403
ITC,8/8/2025 10:41,414.9,415,414.8,414.95,12013
ITC,8/8/2025 10:42,414.95,415,414.8,414.85,8910
ITC,8/8/2025 10:43,414.9,414.9,414.7,414.75,7244
ITC,8/8/2025 10:44,414.8,414.9,414.7,414.75,8290
ITC,8/8/2025 10:45,414.8,414.8,414.6,414.7,10103
ITC,8/8/2025 10:46,414.75,414.8,414.55,414.65,14206
ITC,8/8/2025 10:47,414.7,414.7,414.4,414.5,96122
ITC,8/8/2025 10:48,414.5,414.65,414.3,414.65,101787
ITC,8/8/2025 10:49,414.65,414.65,414.2,414.5,185254
ITC,8/8/2025 10:50,414.45,414.65,414.4,414.5,34634
ITC,8/8/2025 10:51,414.45,414.5,414.15,414.15,25979
ITC,8/8/2025 10:52,414.2,414.25,414.15,414.25,26723
ITC,8/8/2025 10:53,414.35,414.5,414.2,414.5,10025
ITC,8/8/2025 10:54,414.5,414.7,414.45,414.7,7476
ITC,8/8/2025 10:55,414.7,414.75,414.6,414.75,7247
ITC,8/8/2025 10:56,414.75,414.75,414.6,414.65,8950
ITC,8/8/2025 10:57,414.6,414.6,414.15,414.35,141897
ITC,8/8/2025 10:58,414.35,414.9,414.05,414.75,232438
ITC,8/8/2025 10:59,414.75,414.8,414.3,414.75,37029
ITC,8/8/2025 11:00,414.75,415,414.6,414.85,21532
ITC,8/8/2025 11:01,414.9,414.9,414.4,414.55,72174
ITC,8/8/2025 11:02,414.4,414.7,414.3,414.65,91330
ITC,8/8/2025 11:03,414.65,414.7,414.4,414.7,17589
ITC,8/8/2025 11:04,414.7,414.7,414.6,414.65,11104
ITC,8/8/2025 11:05,414.6,414.65,414.5,414.55,10620
ITC,8/8/2025 11:06,414.6,414.6,414.25,414.4,19918
ITC,8/8/2025 11:07,414.4,414.55,414.2,414.55,16584
ITC,8/8/2025 11:08,414.55,414.6,414.5,414.5,11311
ITC,8/8/2025 11:09,414.55,414.55,414.35,414.45,8145
ITC,8/8/2025 11:10,414.45,414.5,414.3,414.45,10887
ITC,8/8/2025 11:11,414.45,414.45,414.2,414.3,28396
ITC,8/8/2025 11:12,414.35,414.35,414.15,414.25,26362
ITC,8/8/2025 11:13,414.25,414.4,414.15,414.35,9915
ITC,8/8/2025 11:14,414.35,414.35,414.15,414.2,11091
ITC,8/8/2025 11:15,414.2,414.2,414.15,414.2,15380
ITC,8/8/2025 11:16,414.2,414.2,414.15,414.15,17938
ITC,8/8/2025 11:17,414.2,414.2,414.15,414.15,12638
ITC,8/8/2025 11:18,414.2,414.2,414.05,414.15,16615
ITC,8/8/2025 11:19,414.2,414.2,414.15,414.15,13277
ITC,8/8/2025 11:20,414.2,414.2,414.15,414.2,13064
ITC,8/8/2025 11:21,414.2,414.25,414.15,414.2,12052
ITC,8/8/2025 11:22,414.2,414.2,414,414.15,294182
ITC,8/8/2025 11:23,414.2,414.2,413.95,414.15,179893
ITC,8/8/2025 11:24,414.15,414.2,414.15,414.2,24788
ITC,8/8/2025 11:25,414.2,414.2,414.15,414.15,29579
ITC,8/8/2025 11:26,414.2,414.2,414.15,414.15,10204
ITC,8/8/2025 11:27,414.2,414.2,414.15,414.15,12700
ITC,8/8/2025 11:28,414.2,414.2,414.15,414.2,7046
ITC,8/8/2025 11:29,414.2,414.2,414.15,414.2,10449
ITC,8/8/2025 11:30,414.2,414.2,414.15,414.2,9059
ITC,8/8/2025 11:31,414.2,414.2,414.05,414.15,14248
ITC,8/8/2025 11:32,414.2,414.25,414.1,414.1,6185
ITC,8/8/2025 11:33,414.2,414.65,414.1,414.5,17512
ITC,8/8/2025 11:34,414.6,414.6,414.35,414.55,5094
ITC,8/8/2025 11:35,414.55,414.55,414.2,414.3,22159
ITC,8/8/2025 11:36,414.4,414.4,413.9,413.95,43353
ITC,8/8/2025 11:37,413.9,414,413.9,414,8662
ITC,8/8/2025 11:38,414,414,413.9,414,9057
ITC,8/8/2025 11:39,413.95,414,413.8,413.95,11645
ITC,8/8/2025 11:40,413.95,413.95,413.85,413.95,9248
ITC,8/8/2025 11:41,413.95,413.95,413.8,413.95,13300
ITC,8/8/2025 11:42,413.9,413.95,413.8,413.95,9779
ITC,8/8/2025 11:43,413.95,414,413.8,413.95,12554
ITC,8/8/2025 11:44,413.95,414,413.95,414,10265
ITC,8/8/2025 11:45,414,414,413.85,414,17221
ITC,8/8/2025 11:46,414,414,413.85,413.9,11521
ITC,8/8/2025 11:47,413.95,413.95,413.8,413.95,11554
ITC,8/8/2025 11:48,413.95,413.95,413.8,413.95,12725
ITC,8/8/2025 11:49,413.95,413.95,413.8,413.95,10925
ITC,8/8/2025 11:50,413.95,413.95,413.8,413.9,11515
ITC,8/8/2025 11:51,413.95,414,413.8,414,10278
ITC,8/8/2025 11:52,414,414,413.8,413.85,11580
ITC,8/8/2025 11:53,413.95,414,413.85,413.95,13041
ITC,8/8/2025 11:54,414,414,413.85,414,12070
ITC,8/8/2025 11:55,414,414,413.85,413.95,11462
ITC,8/8/2025 11:56,413.95,413.95,413.85,413.95,5350
ITC,8/8/2025 11:57,413.95,413.95,413.8,413.9,9795
ITC,8/8/2025 11:58,413.95,414,413.55,413.75,120684
ITC,8/8/2025 11:59,413.85,413.85,413.6,413.85,11329
ITC,8/8/2025 12:00,413.85,413.9,413.15,413.9,137351
ITC,8/8/2025 12:01,413.85,413.95,413.8,413.85,8635
ITC,8/8/2025 12:02,413.9,413.9,413.65,413.7,7314
ITC,8/8/2025 12:03,413.8,413.8,413.65,413.65,5237
ITC,8/8/2025 12:04,413.8,413.8,412.95,413.7,173510
ITC,8/8/2025 12:05,413.8,413.85,413.65,413.85,6765
ITC,8/8/2025 12:06,413.85,413.95,413.8,413.95,16070
ITC,8/8/2025 12:07,413.95,413.95,413.8,413.8,9388
ITC,8/8/2025 12:08,413.95,413.95,413.8,413.9,4392
ITC,8/8/2025 12:09,413.9,413.9,413.8,413.9,5582
ITC,8/8/2025 12:10,413.9,413.9,413.85,413.9,7544
ITC,8/8/2025 12:11,413.95,414,413.85,413.85,8370
ITC,8/8/2025 12:12,414,414,413.85,413.9,4357
ITC,8/8/2025 12:13,413.95,414,413.8,414,11549
ITC,8/8/2025 12:14,414.05,414.05,413.85,413.9,11044
ITC,8/8/2025 12:15,413.9,414,413.8,414,11625
ITC,8/8/2025 12:16,414,414,413.8,413.95,8004
ITC,8/8/2025 12:17,413.95,413.95,413.75,413.95,16784
ITC,8/8/2025 12:18,414,414.05,413.9,414.05,14769
ITC,8/8/2025 12:19,414.05,414.2,414.05,414.15,8502
ITC,8/8/2025 12:20,414.2,414.2,414.1,414.2,10488
ITC,8/8/2025 12:21,414.2,414.2,414.1,414.2,5283
ITC,8/8/2025 12:22,414.15,414.2,414.1,414.1,7047
ITC,8/8/2025 12:23,414.2,414.3,414.15,414.3,8191
ITC,8/8/2025 12:24,414.35,414.4,414.25,414.35,8603
ITC,8/8/2025 12:25,414.4,414.4,414.25,414.4,4825
ITC,8/8/2025 12:26,414.4,414.4,414.25,414.35,5746
ITC,8/8/2025 12:27,414.35,414.4,414.25,414.4,9444
ITC,8/8/2025 12:28,414.4,414.5,414.35,414.45,8193
ITC,8/8/2025 12:29,414.45,414.6,414.45,414.6,19386
ITC,8/8/2025 12:30,414.6,414.6,414.5,414.55,5612
ITC,8/8/2025 12:31,414.55,414.6,414.45,414.6,8052
ITC,8/8/2025 12:32,414.6,414.6,414.45,414.55,10682
ITC,8/8/2025 12:33,414.55,414.6,414.3,414.5,12000
ITC,8/8/2025 12:34,414.5,414.6,414.35,414.6,6770
ITC,8/8/2025 12:35,414.6,414.6,414.5,414.6,10306
ITC,8/8/2025 12:36,414.6,414.6,414.45,414.5,7662
ITC,8/8/2025 12:37,414.5,414.55,414.45,414.55,5988
ITC,8/8/2025 12:38,414.55,414.55,414.35,414.45,7939
ITC,8/8/2025 12:39,414.45,414.45,414.25,414.4,9018
ITC,8/8/2025 12:40,414.4,414.4,414.1,414.25,9264
ITC,8/8/2025 12:41,414.25,414.45,414.25,414.4,7955
ITC,8/8/2025 12:42,414.45,414.5,414.35,414.45,10287
ITC,8/8/2025 12:43,414.45,414.5,414.4,414.45,6572
ITC,8/8/2025 12:44,414.45,414.5,414.35,414.45,5927
ITC,8/8/2025 12:45,414.45,414.5,414.4,414.5,8358
ITC,8/8/2025 12:46,414.5,414.5,414.4,414.5,9315
ITC,8/8/2025 12:47,414.5,414.5,414.4,414.45,4736
ITC,8/8/2025 12:48,414.45,414.5,414.35,414.5,8960
ITC,8/8/2025 12:49,414.5,414.6,414.4,414.6,22233
ITC,8/8/2025 12:50,414.6,414.85,414.6,414.85,16373
ITC,8/8/2025 12:51,414.85,414.85,414.5,414.65,5462
ITC,8/8/2025 12:52,414.65,414.7,414.5,414.6,7142
ITC,8/8/2025 12:53,414.55,414.65,414.5,414.55,8525
ITC,8/8/2025 12:54,414.55,414.6,414.4,414.6,48818
ITC,8/8/2025 12:55,414.65,414.8,414.5,414.7,24443
ITC,8/8/2025 12:56,414.7,414.7,414.4,414.6,12097
ITC,8/8/2025 12:57,414.6,414.6,414.4,414.6,9207
ITC,8/8/2025 12:58,414.6,414.6,414.3,414.5,14270
ITC,8/8/2025 12:59,414.5,414.5,414.25,414.35,7451
ITC,8/8/2025 13:00,414.4,414.4,414.2,414.35,6630
ITC,8/8/2025 13:01,414.35,414.35,414.2,414.25,6466
ITC,8/8/2025 13:02,414.3,414.3,414.1,414.2,8565
ITC,8/8/2025 13:03,414.2,414.25,414.15,414.25,9470
ITC,8/8/2025 13:04,414.25,414.3,414.15,414.3,7478
ITC,8/8/2025 13:05,414.3,414.3,414.15,414.2,7516
ITC,8/8/2025 13:06,414.2,414.2,414.1,414.2,11396
ITC,8/8/2025 13:07,414.2,414.2,414.15,414.15,24325
ITC,8/8/2025 13:08,414.2,414.3,414.05,414.3,71198
ITC,8/8/2025 13:09,414.3,414.3,414.1,414.25,5161
ITC,8/8/2025 13:10,414.25,414.25,414.15,414.25,7363
ITC,8/8/2025 13:11,414.25,414.45,414.25,414.4,9774
ITC,8/8/2025 13:12,414.4,414.45,414.35,414.45,6484
ITC,8/8/2025 13:13,414.45,414.45,414.25,414.35,10610
ITC,8/8/2025 13:14,414.35,414.4,414.25,414.4,9303
ITC,8/8/2025 13:15,414.4,414.5,414.35,414.5,9573
ITC,8/8/2025 13:16,414.5,414.6,414.45,414.6,13117
ITC,8/8/2025 13:17,414.6,414.6,414.5,414.6,8880
ITC,8/8/2025 13:18,414.6,414.65,414.55,414.55,10316
ITC,8/8/2025 13:19,414.65,414.7,414.5,414.7,7144
ITC,8/8/2025 13:20,414.65,414.7,414.55,414.7,14856
ITC,8/8/2025 13:21,414.7,414.7,414.6,414.7,8485
ITC,8/8/2025 13:22,414.7,414.7,414.55,414.6,8635
ITC,8/8/2025 13:23,414.6,414.6,414.55,414.6,6686
ITC,8/8/2025 13:24,414.6,414.7,414.55,414.7,10974
ITC,8/8/2025 13:25,414.7,414.7,414.5,414.55,10198
ITC,8/8/2025 13:26,414.6,414.6,414.45,414.55,8212
ITC,8/8/2025 13:27,414.55,414.55,414.45,414.55,11046
ITC,8/8/2025 13:28,414.55,414.55,414.35,414.5,10516
ITC,8/8/2025 13:29,414.5,414.5,414.2,414.35,21358
ITC,8/8/2025 13:30,414.35,414.4,414.15,414.4,15792
ITC,8/8/2025 13:31,414.4,414.45,414.3,414.45,9208
ITC,8/8/2025 13:32,414.45,414.6,414.35,414.6,15918
ITC,8/8/2025 13:33,414.55,414.6,414.45,414.5,11964
ITC,8/8/2025 13:34,414.5,414.55,414.35,414.45,10278
ITC,8/8/2025 13:35,414.45,414.5,414.4,414.5,13228
ITC,8/8/2025 13:36,414.5,414.6,414.4,414.55,19091
ITC,8/8/2025 13:37,414.6,414.6,414.5,414.55,9192
ITC,8/8/2025 13:38,414.55,414.6,414.55,414.6,8590
ITC,8/8/2025 13:39,414.6,414.65,414.55,414.65,15153
ITC,8/8/2025 13:40,414.65,414.65,414.35,414.55,101095
ITC,8/8/2025 13:41,414.55,414.55,414.35,414.45,9406
ITC,8/8/2025 13:42,414.45,414.5,414.35,414.5,12408
ITC,8/8/2025 13:43,414.5,414.5,414.35,414.5,11005
ITC,8/8/2025 13:44,414.45,414.5,414.45,414.5,10342
ITC,8/8/2025 13:45,414.5,414.5,414.15,414.25,15276
ITC,8/8/2025 13:46,414.25,414.25,414.15,414.25,11754
ITC,8/8/2025 13:47,414.25,414.25,414.1,414.2,16976
ITC,8/8/2025 13:48,414.2,414.35,414.15,414.35,44313
ITC,8/8/2025 13:49,414.35,414.4,414.3,414.35,10166
ITC,8/8/2025 13:50,414.35,414.35,414.2,414.35,15751
ITC,8/8/2025 13:51,414.35,414.35,414.2,414.35,14655
ITC,8/8/2025 13:52,414.35,414.45,414.3,414.35,15350
ITC,8/8/2025 13:53,414.35,414.4,414.2,414.35,8172
ITC,8/8/2025 13:54,414.35,414.35,414.3,414.35,5469
ITC,8/8/2025 13:55,414.35,414.45,414.35,414.45,9486
ITC,8/8/2025 13:56,414.45,414.45,414.15,414.2,27088
ITC,8/8/2025 13:57,414.2,414.25,414.1,414.25,37969
ITC,8/8/2025 13:58,414.25,414.35,414.15,414.3,95791
ITC,8/8/2025 13:59,414.3,414.3,414.2,414.25,7364
ITC,8/8/2025 14:00,414.25,414.65,414.2,414.6,92343
ITC,8/8/2025 14:01,414.65,414.65,414.6,414.65,34507
ITC,8/8/2025 14:02,414.65,414.65,414.6,414.65,61087
ITC,8/8/2025 14:03,414.65,414.65,414.6,414.65,39422
ITC,8/8/2025 14:04,414.65,414.7,414.6,414.7,26937
ITC,8/8/2025 14:05,414.6,414.75,414.6,414.75,13607
ITC,8/8/2025 14:06,414.7,414.8,414.65,414.7,14989
ITC,8/8/2025 14:07,414.7,414.8,414.6,414.75,19740
ITC,8/8/2025 14:08,414.8,414.8,414.75,414.8,8404
ITC,8/8/2025 14:09,414.8,414.8,414.75,414.8,11312
ITC,8/8/2025 14:10,414.8,414.8,414.75,414.8,11989
ITC,8/8/2025 14:11,414.8,414.8,414.75,414.8,19224
ITC,8/8/2025 14:12,414.8,414.9,414.15,414.15,119188
ITC,8/8/2025 14:13,414.25,414.6,414.1,414.55,73110
ITC,8/8/2025 14:14,414.6,414.6,414.4,414.5,8572
ITC,8/8/2025 14:15,414.5,414.5,414.35,414.4,9544
ITC,8/8/2025 14:16,414.4,414.6,414.35,414.6,17473
ITC,8/8/2025 14:17,414.6,414.8,414.55,414.8,24466
ITC,8/8/2025 14:18,414.8,414.8,414.6,414.7,42822
ITC,8/8/2025 14:19,414.7,414.7,414.65,414.7,12160
ITC,8/8/2025 14:20,414.7,414.7,414.6,414.7,11778
ITC,8/8/2025 14:21,414.7,414.75,414.65,414.75,17767
ITC,8/8/2025 14:22,414.75,414.75,414.7,414.75,20372
ITC,8/8/2025 14:23,414.75,414.75,414.65,414.7,19402
ITC,8/8/2025 14:24,414.7,414.75,414.7,414.75,9665
ITC,8/8/2025 14:25,414.75,414.75,414.45,414.55,30986
ITC,8/8/2025 14:26,414.55,414.6,414.25,414.25,8102
ITC,8/8/2025 14:27,414.35,414.35,414.15,414.2,17740
ITC,8/8/2025 14:28,414.2,414.25,414.1,414.15,18263
ITC,8/8/2025 14:29,414.15,414.15,414.1,414.15,19964
ITC,8/8/2025 14:30,414.15,414.2,414.1,414.2,16067
ITC,8/8/2025 14:31,414.2,414.2,414.15,414.2,9901
ITC,8/8/2025 14:32,414.2,414.2,413.7,413.7,123117
ITC,8/8/2025 14:33,413.85,414.1,413.7,414.1,45577
ITC,8/8/2025 14:34,414.15,414.15,414,414.1,13063
ITC,8/8/2025 14:35,414.1,414.1,413.95,414.1,13980
ITC,8/8/2025 14:36,414.1,414.1,413.9,414.05,11227
ITC,8/8/2025 14:37,414.05,414.05,413.8,413.8,18793
ITC,8/8/2025 14:38,413.85,414.05,413.85,413.95,11462
ITC,8/8/2025 14:39,413.95,414.1,413.9,414.1,13785
ITC,8/8/2025 14:40,414.1,414.2,414.05,414.2,11831
ITC,8/8/2025 14:41,414.15,414.25,414.1,414.2,13519
ITC,8/8/2025 14:42,414.25,414.4,414.2,414.25,14670
ITC,8/8/2025 14:43,414.3,414.45,414.25,414.45,15970
ITC,8/8/2025 14:44,414.4,414.45,414.3,414.35,12600
ITC,8/8/2025 14:45,414.4,414.4,414.35,414.4,9479
ITC,8/8/2025 14:46,414.4,414.5,414.35,414.4,13221
ITC,8/8/2025 14:47,414.4,414.4,414.3,414.35,18268
ITC,8/8/2025 14:48,414.4,414.4,414.3,414.4,16528
ITC,8/8/2025 14:49,414.4,414.4,414.25,414.35,14679
ITC,8/8/2025 14:50,414.35,414.45,414.3,414.45,18256
ITC,8/8/2025 14:51,414.45,414.45,414.4,414.45,8523
ITC,8/8/2025 14:52,414.45,414.5,414.35,414.4,20067
ITC,8/8/2025 14:53,414.4,414.45,414.25,414.35,21115
ITC,8/8/2025 14:54,414.35,414.35,414.25,414.3,10974
ITC,8/8/2025 14:55,414.35,414.35,414.25,414.3,9605
ITC,8/8/2025 14:56,414.3,414.3,414.2,414.25,20602
ITC,8/8/2025 14:57,414.25,414.35,414.2,414.35,11267
ITC,8/8/2025 14:58,414.35,414.4,414.25,414.25,22374
ITC,8/8/2025 14:59,414.35,414.35,414.15,414.2,13717
ITC,8/8/2025 15:00,414.25,414.35,414.1,414.3,45507
ITC,8/8/2025 15:01,414.25,414.35,414.2,414.25,65445
ITC,8/8/2025 15:02,414.25,414.35,414.2,414.35,19779
ITC,8/8/2025 15:03,414.35,414.35,414.3,414.35,20690
ITC,8/8/2025 15:04,414.35,414.45,414.3,414.45,43841
ITC,8/8/2025 15:05,414.45,414.5,414.4,414.45,26258
ITC,8/8/2025 15:06,414.5,414.65,414.45,414.5,131059
ITC,8/8/2025 15:07,414.5,414.55,414.45,414.55,21289
ITC,8/8/2025 15:08,414.55,414.55,414.45,414.55,18199
ITC,8/8/2025 15:09,414.55,414.55,414.5,414.55,32196
ITC,8/8/2025 15:10,414.55,414.7,414.55,414.6,120785
ITC,8/8/2025 15:11,414.6,414.6,414.5,414.55,33369
ITC,8/8/2025 15:12,414.55,414.55,414.1,414.1,83638
ITC,8/8/2025 15:13,414.15,414.15,414.1,414.15,36995
ITC,8/8/2025 15:14,414.15,414.3,414.1,414.2,45038
ITC,8/8/2025 15:15,414.25,414.5,414.1,414.45,61102
ITC,8/8/2025 15:16,414.5,414.5,414.45,414.45,32778
ITC,8/8/2025 15:17,414.5,414.6,414.45,414.6,50450
ITC,8/8/2025 15:18,414.6,414.65,414.55,414.65,58819
ITC,8/8/2025 15:19,414.65,414.65,414.6,414.65,32202
ITC,8/8/2025 15:20,414.65,414.7,414.6,414.7,63224
ITC,8/8/2025 15:21,414.7,414.8,414.65,414.8,47755
ITC,8/8/2025 15:22,414.8,414.9,414.75,414.85,81556
ITC,8/8/2025 15:23,414.85,414.85,414.7,414.75,52533
ITC,8/8/2025 15:24,414.75,414.75,414.65,414.7,35206
ITC,8/8/2025 15:25,414.65,414.8,414.65,414.8,43563
ITC,8/8/2025 15:26,414.85,415,414.55,414.55,80238
ITC,8/8/2025 15:27,414.7,414.85,414.5,414.5,44383
ITC,8/8/2025 15:28,414.65,414.65,414.2,414.2,34165
ITC,8/8/2025 15:29,414.1,414.45,414,414.45,127483
NIFTYBEES,8/8/2025 9:16,277.19,277.23,277.01,277.2,11535
NIFTYBEES,8/8/2025 9:17,277.16,277.16,277,277.13,14135
NIFTYBEES,8/8/2025 9:18,277.06,277.16,277.02,277.16,12877
NIFTYBEES,8/8/2025 9:19,277.16,277.29,277.11,277.26,47111
NIFTYBEES,8/8/2025 9:20,277.23,277.35,277.17,277.27,33486
NIFTYBEES,8/8/2025 9:21,277.25,277.29,277.03,277.15,22324
NIFTYBEES,8/8/2025 9:22,277.16,277.18,277.01,277.14,9005
NIFTYBEES,8/8/2025 9:23,277.14,277.19,277.04,277.11,14279
NIFTYBEES,8/8/2025 9:24,277.11,277.19,277.07,277.17,7219
NIFTYBEES,8/8/2025 9:25,277.15,277.15,277.1,277.1,2093
NIFTYBEES,8/8/2025 9:26,277.11,277.11,277.06,277.09,7089
NIFTYBEES,8/8/2025 9:27,277.09,277.1,277.03,277.06,12461
NIFTYBEES,8/8/2025 9:28,277.06,277.07,276.81,276.92,50946
NIFTYBEES,8/8/2025 9:29,276.91,276.93,276.7,276.8,21811
NIFTYBEES,8/8/2025 9:30,276.8,276.8,276.75,276.78,14788
NIFTYBEES,8/8/2025 9:31,276.79,276.8,276.65,276.8,11373
NIFTYBEES,8/8/2025 9:32,276.8,276.8,276.7,276.8,8975
NIFTYBEES,8/8/2025 9:33,276.79,276.8,276.7,276.74,8376
NIFTYBEES,8/8/2025 9:34,276.74,276.74,276.7,276.72,56654
NIFTYBEES,8/8/2025 9:35,276.71,276.75,276.65,276.67,19536
NIFTYBEES,8/8/2025 9:36,276.67,276.75,276.54,276.75,9404
NIFTYBEES,8/8/2025 9:37,276.75,276.8,276.69,276.8,8899
NIFTYBEES,8/8/2025 9:38,276.8,276.8,276.76,276.8,15851
NIFTYBEES,8/8/2025 9:39,276.8,276.8,276.75,276.8,4227
NIFTYBEES,8/8/2025 9:40,276.8,276.8,276.72,276.77,15393
NIFTYBEES,8/8/2025 9:41,276.76,276.77,276.67,276.68,55111
NIFTYBEES,8/8/2025 9:42,276.69,276.69,276.62,276.62,10873
NIFTYBEES,8/8/2025 9:43,276.61,276.64,276.52,276.63,6753
NIFTYBEES,8/8/2025 9:44,276.63,276.64,276.55,276.64,3364
NIFTYBEES,8/8/2025 9:45,276.6,276.64,276.5,276.61,5788
NIFTYBEES,8/8/2025 9:46,276.61,276.67,276.55,276.62,2268
NIFTYBEES,8/8/2025 9:47,276.61,276.61,276.5,276.55,18170
NIFTYBEES,8/8/2025 9:48,276.54,276.59,276.5,276.54,5471
NIFTYBEES,8/8/2025 9:49,276.53,276.53,276.46,276.46,3605
NIFTYBEES,8/8/2025 9:50,276.47,276.5,276.4,276.4,6272
NIFTYBEES,8/8/2025 9:51,276.45,276.45,276.4,276.42,1951
NIFTYBEES,8/8/2025 9:52,276.45,276.45,276.4,276.45,2885
NIFTYBEES,8/8/2025 9:53,276.45,276.45,276.4,276.41,4844
NIFTYBEES,8/8/2025 9:54,276.43,276.45,276.4,276.45,7652
NIFTYBEES,8/8/2025 9:55,276.45,276.59,276.41,276.59,5301
NIFTYBEES,8/8/2025 9:56,276.58,276.58,276.36,276.4,12536
NIFTYBEES,8/8/2025 9:57,276.4,276.52,276.4,276.47,4243
NIFTYBEES,8/8/2025 9:58,276.47,276.47,276.4,276.47,4211
NIFTYBEES,8/8/2025 9:59,276.47,276.47,276.38,276.38,8952
NIFTYBEES,8/8/2025 10:00,276.38,276.43,276.31,276.31,17194
NIFTYBEES,8/8/2025 10:01,276.32,276.32,276.2,276.27,16750
NIFTYBEES,8/8/2025 10:02,276.27,276.27,276.19,276.22,7186
NIFTYBEES,8/8/2025 10:03,276.22,276.22,276.11,276.16,5464
NIFTYBEES,8/8/2025 10:04,276.16,276.16,276.1,276.12,9869
NIFTYBEES,8/8/2025 10:05,276.1,276.1,276.05,276.06,11100
NIFTYBEES,8/8/2025 10:06,276.06,276.06,276.01,276.03,9067
NIFTYBEES,8/8/2025 10:07,276.03,276.03,275.9,276,60580
NIFTYBEES,8/8/2025 10:08,276,276.13,276,276.13,7756
NIFTYBEES,8/8/2025 10:09,276.13,276.13,276.08,276.09,14594
NIFTYBEES,8/8/2025 10:10,276.08,276.18,276.08,276.15,7423
NIFTYBEES,8/8/2025 10:11,276.15,276.17,276.13,276.17,6233
NIFTYBEES,8/8/2025 10:12,276.14,276.16,276,276.08,13152
NIFTYBEES,8/8/2025 10:13,276.08,276.09,276,276.08,11819
NIFTYBEES,8/8/2025 10:14,276.08,276.11,276.06,276.08,8431
NIFTYBEES,8/8/2025 10:15,276.08,276.09,276,276.05,7498
NIFTYBEES,8/8/2025 10:16,276.05,276.07,276,276.07,6170
NIFTYBEES,8/8/2025 10:17,276.07,276.09,276.02,276.09,3664
NIFTYBEES,8/8/2025 10:18,276.09,276.22,276.03,276.19,3880
NIFTYBEES,8/8/2025 10:19,276.19,276.23,276.15,276.16,12765
NIFTYBEES,8/8/2025 10:20,276.16,276.16,276.04,276.07,9216
NIFTYBEES,8/8/2025 10:21,276.07,276.07,276,276.06,11610
NIFTYBEES,8/8/2025 10:22,276.06,276.08,276.04,276.08,4764
NIFTYBEES,8/8/2025 10:23,276.08,276.21,276.05,276.2,5657
NIFTYBEES,8/8/2025 10:24,276.21,276.24,276.2,276.23,5106
NIFTYBEES,8/8/2025 10:25,276.24,276.3,276.2,276.3,9869
NIFTYBEES,8/8/2025 10:26,276.3,276.42,276.2,276.42,4674
NIFTYBEES,8/8/2025 10:27,276.42,276.42,276.07,276.29,26687
NIFTYBEES,8/8/2025 10:28,276.29,276.31,276.1,276.2,11064
NIFTYBEES,8/8/2025 10:29,276.21,276.28,276.12,276.21,17789
NIFTYBEES,8/8/2025 10:30,276.27,276.27,276.2,276.21,8206
NIFTYBEES,8/8/2025 10:31,276.21,276.21,276,276.07,19466
NIFTYBEES,8/8/2025 10:32,276.07,276.07,275.9,275.94,11942
NIFTYBEES,8/8/2025 10:33,275.93,276.09,275.9,276.09,10236
NIFTYBEES,8/8/2025 10:34,276.09,276.1,275.98,276.01,5901
NIFTYBEES,8/8/2025 10:35,276.01,276.1,275.95,275.96,6026
NIFTYBEES,8/8/2025 10:36,275.96,275.96,275.95,275.96,10925
NIFTYBEES,8/8/2025 10:37,275.96,275.99,275.94,275.99,5556
NIFTYBEES,8/8/2025 10:38,275.96,275.96,275.91,275.94,8419
NIFTYBEES,8/8/2025 10:39,275.94,275.94,275.92,275.92,3491
NIFTYBEES,8/8/2025 10:40,275.92,275.92,275.86,275.87,12492
NIFTYBEES,8/8/2025 10:41,275.88,275.98,275.88,275.94,1813
NIFTYBEES,8/8/2025 10:42,275.94,276.07,275.94,276.01,5452
NIFTYBEES,8/8/2025 10:43,276.01,276.03,275.94,275.94,7736
NIFTYBEES,8/8/2025 10:44,275.97,275.97,275.91,275.94,2863
NIFTYBEES,8/8/2025 10:45,275.94,275.94,275.92,275.92,4139
NIFTYBEES,8/8/2025 10:46,275.93,275.97,275.9,275.92,5203
NIFTYBEES,8/8/2025 10:47,275.92,275.92,275.82,275.83,10563
NIFTYBEES,8/8/2025 10:48,275.83,275.95,275.79,275.8,25574
NIFTYBEES,8/8/2025 10:49,275.8,275.83,275.79,275.8,12270
NIFTYBEES,8/8/2025 10:50,275.8,275.83,275.78,275.78,9344
NIFTYBEES,8/8/2025 10:51,275.81,275.86,275.75,275.76,7989
NIFTYBEES,8/8/2025 10:52,275.76,275.82,275.71,275.82,8326
NIFTYBEES,8/8/2025 10:53,275.8,275.91,275.8,275.91,3818
NIFTYBEES,8/8/2025 10:54,275.91,275.99,275.81,275.92,9607
NIFTYBEES,8/8/2025 10:55,275.85,275.99,275.85,275.93,20630
NIFTYBEES,8/8/2025 10:56,275.93,275.93,275.88,275.88,9428
NIFTYBEES,8/8/2025 10:57,275.88,275.89,275.8,275.8,11776
NIFTYBEES,8/8/2025 10:58,275.82,275.92,275.76,275.8,9234
NIFTYBEES,8/8/2025 10:59,275.81,275.81,275.62,275.76,23555
NIFTYBEES,8/8/2025 11:00,275.79,275.79,275.66,275.78,8604
NIFTYBEES,8/8/2025 11:01,275.78,275.78,275.75,275.78,11626
NIFTYBEES,8/8/2025 11:02,275.78,275.78,275.67,275.78,21054
NIFTYBEES,8/8/2025 11:03,275.78,275.81,275.7,275.81,2748
NIFTYBEES,8/8/2025 11:04,275.81,275.84,275.78,275.81,4047
NIFTYBEES,8/8/2025 11:05,275.81,275.81,275.77,275.78,6144
NIFTYBEES,8/8/2025 11:06,275.77,275.78,275.76,275.78,7385
NIFTYBEES,8/8/2025 11:07,275.78,275.81,275.76,275.81,5473
NIFTYBEES,8/8/2025 11:08,275.81,275.87,275.81,275.87,12339
NIFTYBEES,8/8/2025 11:09,275.87,275.97,275.85,275.89,3942
NIFTYBEES,8/8/2025 11:10,275.89,275.89,275.75,275.85,12162
NIFTYBEES,8/8/2025 11:11,275.85,275.91,275.82,275.91,10265
NIFTYBEES,8/8/2025 11:12,275.91,275.94,275.9,275.94,33834
NIFTYBEES,8/8/2025 11:13,275.94,276,275.92,276,6687
NIFTYBEES,8/8/2025 11:14,276,276,275.9,275.97,7547
NIFTYBEES,8/8/2025 11:15,275.97,275.98,275.95,275.98,4368
NIFTYBEES,8/8/2025 11:16,275.98,276,275.96,275.98,7084
NIFTYBEES,8/8/2025 11:17,275.98,276,275.95,276,6073
NIFTYBEES,8/8/2025 11:18,276.03,276.09,275.91,276.09,4934
NIFTYBEES,8/8/2025 11:19,276.06,276.09,276,276.09,5045
NIFTYBEES,8/8/2025 11:20,276.09,276.09,275.92,276.06,5222
NIFTYBEES,8/8/2025 11:21,276.06,276.06,275.92,276.06,6247
NIFTYBEES,8/8/2025 11:22,276.06,276.06,276,276,10250
NIFTYBEES,8/8/2025 11:23,276,276,275.86,275.88,5816
NIFTYBEES,8/8/2025 11:24,275.88,275.97,275.85,275.87,2852
NIFTYBEES,8/8/2025 11:25,275.87,275.89,275.85,275.89,3978
NIFTYBEES,8/8/2025 11:26,275.89,275.95,275.85,275.94,3420
NIFTYBEES,8/8/2025 11:27,275.94,275.95,275.85,275.91,1968
NIFTYBEES,8/8/2025 11:28,275.91,275.91,275.8,275.89,11403
NIFTYBEES,8/8/2025 11:29,275.89,275.89,275.85,275.89,2906
NIFTYBEES,8/8/2025 11:30,275.89,275.89,275.8,275.8,5702
NIFTYBEES,8/8/2025 11:31,275.85,275.9,275.76,275.9,5421
NIFTYBEES,8/8/2025 11:32,275.9,275.9,275.85,275.89,1698
NIFTYBEES,8/8/2025 11:33,275.88,275.88,275.85,275.86,5968
NIFTYBEES,8/8/2025 11:34,275.86,275.94,275.85,275.94,5235
NIFTYBEES,8/8/2025 11:35,275.94,276,275.94,275.96,3975
NIFTYBEES,8/8/2025 11:36,276,276,275.95,275.97,4472
NIFTYBEES,8/8/2025 11:37,275.97,276,275.95,275.97,2217
NIFTYBEES,8/8/2025 11:38,275.97,275.97,275.82,275.84,11437
NIFTYBEES,8/8/2025 11:39,275.84,275.84,275.81,275.83,2301
NIFTYBEES,8/8/2025 11:40,275.83,275.83,275.75,275.78,11336
NIFTYBEES,8/8/2025 11:41,275.78,275.81,275.75,275.81,3413
NIFTYBEES,8/8/2025 11:42,275.81,275.81,275.75,275.75,5294
NIFTYBEES,8/8/2025 11:43,275.77,275.89,275.75,275.85,4793
NIFTYBEES,8/8/2025 11:44,275.89,275.89,275.76,275.89,2680
NIFTYBEES,8/8/2025 11:45,275.89,275.92,275.81,275.91,3949
NIFTYBEES,8/8/2025 11:46,275.91,275.96,275.86,275.96,2376
NIFTYBEES,8/8/2025 11:47,275.96,275.96,275.9,275.92,17458
NIFTYBEES,8/8/2025 11:48,275.92,275.92,275.9,275.9,3557
NIFTYBEES,8/8/2025 11:49,275.9,275.9,275.86,275.9,1586
NIFTYBEES,8/8/2025 11:50,275.9,275.9,275.86,275.9,4270
NIFTYBEES,8/8/2025 11:51,275.9,275.97,275.9,275.94,3656
NIFTYBEES,8/8/2025 11:52,275.94,276,275.92,276,2721
NIFTYBEES,8/8/2025 11:53,276,276,275.9,275.9,3326
NIFTYBEES,8/8/2025 11:54,275.9,276.03,275.9,275.99,2870
NIFTYBEES,8/8/2025 11:55,275.99,276.02,275.92,276.02,1395
NIFTYBEES,8/8/2025 11:56,276.02,276.02,275.92,275.99,2139
NIFTYBEES,8/8/2025 11:57,275.99,275.99,275.95,275.96,3910
NIFTYBEES,8/8/2025 11:58,275.9,275.9,275.7,275.74,69514
NIFTYBEES,8/8/2025 11:59,275.74,275.89,275.73,275.86,2162
NIFTYBEES,8/8/2025 12:00,275.86,275.92,275.76,275.76,13682
NIFTYBEES,8/8/2025 12:01,275.76,275.76,275.7,275.75,10417
NIFTYBEES,8/8/2025 12:02,275.75,275.75,275.61,275.62,15804
NIFTYBEES,8/8/2025 12:03,275.62,275.72,275.51,275.61,22055
NIFTYBEES,8/8/2025 12:04,275.61,275.61,275.51,275.56,7533
NIFTYBEES,8/8/2025 12:05,275.56,275.56,275.52,275.55,5085
NIFTYBEES,8/8/2025 12:06,275.56,275.68,275.55,275.67,2782
NIFTYBEES,8/8/2025 12:07,275.65,275.7,275.65,275.7,4744
NIFTYBEES,8/8/2025 12:08,275.7,275.7,275.65,275.7,7281
NIFTYBEES,8/8/2025 12:09,275.7,275.7,275.65,275.7,5562
NIFTYBEES,8/8/2025 12:10,275.68,275.68,275.6,275.67,5569
NIFTYBEES,8/8/2025 12:11,275.67,275.7,275.6,275.7,26493
NIFTYBEES,8/8/2025 12:12,275.7,275.75,275.6,275.75,12612
NIFTYBEES,8/8/2025 12:13,275.75,275.75,275.7,275.7,1522
NIFTYBEES,8/8/2025 12:14,275.74,275.74,275.62,275.74,2143
NIFTYBEES,8/8/2025 12:15,275.74,275.75,275.7,275.74,3992
NIFTYBEES,8/8/2025 12:16,275.74,275.74,275.61,275.61,5662
NIFTYBEES,8/8/2025 12:17,275.62,275.7,275.6,275.69,3628
NIFTYBEES,8/8/2025 12:18,275.69,275.69,275.6,275.69,3187
NIFTYBEES,8/8/2025 12:19,275.69,275.7,275.61,275.7,5331
NIFTYBEES,8/8/2025 12:20,275.7,275.72,275.61,275.69,4895
NIFTYBEES,8/8/2025 12:21,275.69,275.69,275.61,275.66,3473
NIFTYBEES,8/8/2025 12:22,275.66,275.74,275.66,275.74,3587
NIFTYBEES,8/8/2025 12:23,275.74,275.75,275.69,275.75,4271
NIFTYBEES,8/8/2025 12:24,275.75,275.98,275.72,275.98,12420
NIFTYBEES,8/8/2025 12:25,275.93,275.95,275.74,275.74,3695
NIFTYBEES,8/8/2025 12:26,275.75,275.97,275.7,275.97,9650
NIFTYBEES,8/8/2025 12:27,275.97,275.97,275.76,275.88,2890
NIFTYBEES,8/8/2025 12:28,275.88,275.88,275.75,275.83,9022
NIFTYBEES,8/8/2025 12:29,275.83,275.92,275.76,275.86,3401
NIFTYBEES,8/8/2025 12:30,275.92,275.94,275.86,275.94,3083
NIFTYBEES,8/8/2025 12:31,275.92,275.97,275.87,275.92,1955
NIFTYBEES,8/8/2025 12:32,275.95,275.95,275.92,275.93,3577
NIFTYBEES,8/8/2025 12:33,275.93,275.93,275.85,275.88,5826
NIFTYBEES,8/8/2025 12:34,275.88,275.88,275.85,275.85,1680
NIFTYBEES,8/8/2025 12:35,275.88,275.91,275.85,275.91,2196
NIFTYBEES,8/8/2025 12:36,275.91,275.91,275.85,275.86,5000
NIFTYBEES,8/8/2025 12:37,275.86,276.05,275.85,275.88,19931
NIFTYBEES,8/8/2025 12:38,275.97,275.99,275.88,275.95,4435
NIFTYBEES,8/8/2025 12:39,275.9,275.95,275.87,275.95,5452
NIFTYBEES,8/8/2025 12:40,275.95,275.98,275.9,275.97,3430
NIFTYBEES,8/8/2025 12:41,275.97,276,275.9,276,5485
NIFTYBEES,8/8/2025 12:42,275.95,276,275.86,275.9,4476
NIFTYBEES,8/8/2025 12:43,275.98,276.02,275.9,276,6745
NIFTYBEES,8/8/2025 12:44,276,276,275.9,275.99,9318
NIFTYBEES,8/8/2025 12:45,275.95,275.99,275.91,275.99,1651
NIFTYBEES,8/8/2025 12:46,275.99,275.99,275.95,275.99,2048
NIFTYBEES,8/8/2025 12:47,275.99,275.99,275.95,275.99,2188
NIFTYBEES,8/8/2025 12:48,276.04,276.1,275.96,275.97,6441
NIFTYBEES,8/8/2025 12:49,275.97,276.1,275.93,275.96,7297
NIFTYBEES,8/8/2025 12:50,276.1,276.15,276.09,276.14,3837
NIFTYBEES,8/8/2025 12:51,276.14,276.2,276.12,276.19,2913
NIFTYBEES,8/8/2025 12:52,276.2,276.2,276.15,276.15,4653
NIFTYBEES,8/8/2025 12:53,276.16,276.16,276.12,276.16,7209
NIFTYBEES,8/8/2025 12:54,276.16,276.2,276.12,276.2,5273
NIFTYBEES,8/8/2025 12:55,276.2,276.28,276.16,276.26,11660
NIFTYBEES,8/8/2025 12:56,276.31,276.35,276.3,276.33,6261
NIFTYBEES,8/8/2025 12:57,276.33,276.39,276.3,276.35,10525
NIFTYBEES,8/8/2025 12:58,276.37,276.37,276.2,276.21,16998
NIFTYBEES,8/8/2025 12:59,276.28,276.28,276.2,276.24,3415
NIFTYBEES,8/8/2025 13:00,276.24,276.27,276.2,276.2,3353
NIFTYBEES,8/8/2025 13:01,276.2,276.2,276.01,276.03,7127
NIFTYBEES,8/8/2025 13:02,276.11,276.12,276.03,276.08,1683
NIFTYBEES,8/8/2025 13:03,276.08,276.11,276.01,276.05,2892
NIFTYBEES,8/8/2025 13:04,276.09,276.13,276.01,276.05,5218
NIFTYBEES,8/8/2025 13:05,276.05,276.15,276.05,276.15,2511
NIFTYBEES,8/8/2025 13:06,276.15,276.19,276.03,276.18,13740
NIFTYBEES,8/8/2025 13:07,276.18,276.18,275.95,276.03,10724
NIFTYBEES,8/8/2025 13:08,275.94,276.04,275.85,276.01,6477
NIFTYBEES,8/8/2025 13:09,275.91,276,275.87,276,3608
NIFTYBEES,8/8/2025 13:10,275.99,276,275.85,275.86,7520
NIFTYBEES,8/8/2025 13:11,275.86,275.9,275.85,275.9,8706
NIFTYBEES,8/8/2025 13:12,275.9,275.9,275.84,275.9,1898
NIFTYBEES,8/8/2025 13:13,275.9,275.9,275.84,275.84,3374
NIFTYBEES,8/8/2025 13:14,275.9,275.9,275.84,275.9,870
NIFTYBEES,8/8/2025 13:15,275.84,276.01,275.84,276.01,8480
NIFTYBEES,8/8/2025 13:16,276.01,276.1,275.91,276,4694
NIFTYBEES,8/8/2025 13:17,276.13,276.14,276.01,276.06,3761
NIFTYBEES,8/8/2025 13:18,276.02,276.06,276,276,12387
NIFTYBEES,8/8/2025 13:19,276,276.03,275.98,276,14600
NIFTYBEES,8/8/2025 13:20,276,276,275.9,275.99,14436
NIFTYBEES,8/8/2025 13:21,275.99,275.99,275.84,275.99,6859
NIFTYBEES,8/8/2025 13:22,275.99,276.05,275.86,275.9,5592
NIFTYBEES,8/8/2025 13:23,275.98,275.98,275.91,275.98,2205
NIFTYBEES,8/8/2025 13:24,275.91,275.99,275.91,275.98,1557
NIFTYBEES,8/8/2025 13:25,275.98,275.98,275.91,275.91,3218
NIFTYBEES,8/8/2025 13:26,275.92,275.92,275.85,275.9,9668
NIFTYBEES,8/8/2025 13:27,275.9,275.9,275.84,275.88,12476
NIFTYBEES,8/8/2025 13:28,275.88,275.88,275.76,275.76,26016
NIFTYBEES,8/8/2025 13:29,275.8,275.85,275.75,275.85,3564
NIFTYBEES,8/8/2025 13:30,275.75,275.85,275.75,275.85,5491
NIFTYBEES,8/8/2025 13:31,275.85,275.98,275.77,275.97,3079
NIFTYBEES,8/8/2025 13:32,275.98,276.12,275.85,276.12,8930
NIFTYBEES,8/8/2025 13:33,276.1,276.11,276,276.03,2638
NIFTYBEES,8/8/2025 13:34,276.02,276.09,276,276.07,2289
NIFTYBEES,8/8/2025 13:35,276.09,276.11,276.02,276.1,2482
NIFTYBEES,8/8/2025 13:36,276.1,276.14,276.02,276.12,1390
NIFTYBEES,8/8/2025 13:37,276.11,276.14,276.08,276.08,16729
NIFTYBEES,8/8/2025 13:38,276.08,276.12,276.05,276.12,3906
NIFTYBEES,8/8/2025 13:39,276.12,276.12,276.05,276.05,680
NIFTYBEES,8/8/2025 13:40,276.12,276.12,276.05,276.08,10057
NIFTYBEES,8/8/2025 13:41,276.12,276.12,276.05,276.1,1738
NIFTYBEES,8/8/2025 13:42,276.02,276.12,276.01,276.11,8846
NIFTYBEES,8/8/2025 13:43,276.11,276.15,276.02,276.15,8769
NIFTYBEES,8/8/2025 13:44,276.15,276.15,276.05,276.15,1870
NIFTYBEES,8/8/2025 13:45,276.15,276.15,276.05,276.13,29263
NIFTYBEES,8/8/2025 13:46,276.05,276.13,276,276.02,14068
NIFTYBEES,8/8/2025 13:47,276,276.01,275.9,275.98,19561
NIFTYBEES,8/8/2025 13:48,275.98,275.98,275.78,275.93,22687
NIFTYBEES,8/8/2025 13:49,275.93,275.93,275.8,275.85,2831
NIFTYBEES,8/8/2025 13:50,275.91,275.91,275.85,275.89,12717
NIFTYBEES,8/8/2025 13:51,275.88,275.95,275.85,275.95,2432
NIFTYBEES,8/8/2025 13:52,275.97,275.97,275.84,275.92,4403
NIFTYBEES,8/8/2025 13:53,275.92,275.92,275.85,275.89,7447
NIFTYBEES,8/8/2025 13:54,275.89,275.89,275.84,275.88,4663
NIFTYBEES,8/8/2025 13:55,275.89,275.89,275.84,275.86,2466
NIFTYBEES,8/8/2025 13:56,275.86,275.87,275.81,275.87,9968
NIFTYBEES,8/8/2025 13:57,275.87,275.87,275.8,275.84,3405
NIFTYBEES,8/8/2025 13:58,275.84,275.84,275.8,275.81,2200
NIFTYBEES,8/8/2025 13:59,275.81,275.82,275.75,275.81,8786
NIFTYBEES,8/8/2025 14:00,275.81,275.9,275.81,275.9,7790
NIFTYBEES,8/8/2025 14:01,275.9,276.04,275.9,276.04,4942
NIFTYBEES,8/8/2025 14:02,276.04,276.07,275.93,275.98,3569
NIFTYBEES,8/8/2025 14:03,275.98,275.98,275.91,275.92,8866
NIFTYBEES,8/8/2025 14:04,275.91,275.93,275.9,275.91,2253
NIFTYBEES,8/8/2025 14:05,275.91,275.94,275.9,275.94,1784
NIFTYBEES,8/8/2025 14:06,275.94,275.94,275.9,275.91,1721
NIFTYBEES,8/8/2025 14:07,275.91,275.91,275.84,275.85,12320
NIFTYBEES,8/8/2025 14:08,275.85,275.85,275.81,275.85,1394
NIFTYBEES,8/8/2025 14:09,275.85,275.88,275.82,275.85,2603
NIFTYBEES,8/8/2025 14:10,275.85,275.85,275.81,275.84,1792
NIFTYBEES,8/8/2025 14:11,275.81,275.87,275.77,275.77,22371
NIFTYBEES,8/8/2025 14:12,275.77,275.77,275.41,275.47,97249
NIFTYBEES,8/8/2025 14:13,275.47,275.65,275.44,275.55,13219
NIFTYBEES,8/8/2025 14:14,275.65,275.68,275.51,275.62,18228
NIFTYBEES,8/8/2025 14:15,275.68,275.68,275.6,275.66,3339
NIFTYBEES,8/8/2025 14:16,275.6,275.84,275.6,275.67,2922
NIFTYBEES,8/8/2025 14:17,275.72,275.82,275.67,275.82,5095
NIFTYBEES,8/8/2025 14:18,275.86,275.9,275.82,275.86,3242
NIFTYBEES,8/8/2025 14:19,275.9,275.93,275.87,275.87,2501
NIFTYBEES,8/8/2025 14:20,275.9,275.9,275.81,275.81,5629
NIFTYBEES,8/8/2025 14:21,275.87,275.9,275.81,275.83,37956
NIFTYBEES,8/8/2025 14:22,275.83,275.89,275.82,275.89,3974
NIFTYBEES,8/8/2025 14:23,275.83,275.89,275.83,275.85,2734
NIFTYBEES,8/8/2025 14:24,275.83,275.85,275.75,275.82,9865
NIFTYBEES,8/8/2025 14:25,275.81,275.81,275.6,275.69,5871
NIFTYBEES,8/8/2025 14:26,275.69,275.69,275.6,275.6,4940
NIFTYBEES,8/8/2025 14:27,275.66,275.66,275.6,275.6,2483
NIFTYBEES,8/8/2025 14:28,275.61,275.61,275.55,275.58,23569
NIFTYBEES,8/8/2025 14:29,275.59,275.59,275.5,275.55,24862
NIFTYBEES,8/8/2025 14:30,275.58,275.64,275.53,275.58,80010
NIFTYBEES,8/8/2025 14:31,275.64,275.64,275.53,275.55,5006
NIFTYBEES,8/8/2025 14:32,275.55,275.63,275.4,275.41,38594
NIFTYBEES,8/8/2025 14:33,275.42,275.6,275.36,275.6,113537
NIFTYBEES,8/8/2025 14:34,275.6,275.62,275.55,275.55,3933
NIFTYBEES,8/8/2025 14:35,275.6,275.67,275.55,275.66,8633
NIFTYBEES,8/8/2025 14:36,275.66,275.7,275.66,275.66,4567
NIFTYBEES,8/8/2025 14:37,275.66,275.68,275.6,275.6,11315
NIFTYBEES,8/8/2025 14:38,275.63,275.66,275.6,275.66,6981
NIFTYBEES,8/8/2025 14:39,275.66,275.68,275.61,275.63,4408
NIFTYBEES,8/8/2025 14:40,275.63,275.68,275.62,275.68,2235
NIFTYBEES,8/8/2025 14:41,275.68,275.7,275.65,275.7,3798
NIFTYBEES,8/8/2025 14:42,275.7,275.84,275.7,275.8,21900
NIFTYBEES,8/8/2025 14:43,275.81,275.83,275.76,275.77,8396
NIFTYBEES,8/8/2025 14:44,275.8,275.8,275.66,275.77,21697
NIFTYBEES,8/8/2025 14:45,275.77,275.8,275.6,275.77,19351
NIFTYBEES,8/8/2025 14:46,275.78,275.78,275.66,275.71,3040
NIFTYBEES,8/8/2025 14:47,275.71,275.71,275.65,275.68,2920
NIFTYBEES,8/8/2025 14:48,275.68,275.68,275.65,275.65,3557
NIFTYBEES,8/8/2025 14:49,275.68,275.74,275.65,275.74,11696
NIFTYBEES,8/8/2025 14:50,275.74,275.74,275.68,275.7,2132
NIFTYBEES,8/8/2025 14:51,275.7,275.73,275.66,275.68,3478
NIFTYBEES,8/8/2025 14:52,275.68,275.68,275.65,275.67,18245
NIFTYBEES,8/8/2025 14:53,275.7,275.75,275.65,275.69,6207
NIFTYBEES,8/8/2025 14:54,275.72,275.72,275.65,275.69,3581
NIFTYBEES,8/8/2025 14:55,275.65,275.7,275.6,275.6,16012
NIFTYBEES,8/8/2025 14:56,275.69,275.7,275.6,275.65,2584
NIFTYBEES,8/8/2025 14:57,275.66,275.69,275.63,275.66,2502
NIFTYBEES,8/8/2025 14:58,275.65,275.68,275.64,275.66,5758
NIFTYBEES,8/8/2025 14:59,275.66,275.69,275.6,275.67,4684
NIFTYBEES,8/8/2025 15:00,275.68,275.68,275.58,275.6,24347
NIFTYBEES,8/8/2025 15:01,275.6,275.6,275.51,275.54,5769
NIFTYBEES,8/8/2025 15:02,275.54,275.57,275.51,275.54,8965
NIFTYBEES,8/8/2025 15:03,275.51,275.52,275.4,275.48,97783
NIFTYBEES,8/8/2025 15:04,275.49,275.53,275.41,275.53,6210
NIFTYBEES,8/8/2025 15:05,275.53,275.56,275.5,275.55,9376
NIFTYBEES,8/8/2025 15:06,275.55,275.59,275.55,275.56,7308
NIFTYBEES,8/8/2025 15:07,275.56,275.59,275.5,275.55,16669
NIFTYBEES,8/8/2025 15:08,275.55,275.55,275.47,275.48,20262
NIFTYBEES,8/8/2025 15:09,275.48,275.5,275.34,275.36,20384
NIFTYBEES,8/8/2025 15:10,275.42,275.44,275.3,275.35,15809
NIFTYBEES,8/8/2025 15:11,275.35,275.35,275.15,275.3,40417
NIFTYBEES,8/8/2025 15:12,275.3,275.34,275.03,275.28,32630
NIFTYBEES,8/8/2025 15:13,275.27,275.27,274.92,274.99,176468
NIFTYBEES,8/8/2025 15:14,275,275.24,274.9,275,32175
NIFTYBEES,8/8/2025 15:15,275.19,275.24,274.8,275.24,64849
NIFTYBEES,8/8/2025 15:16,275.24,275.25,275.1,275.2,23634
NIFTYBEES,8/8/2025 15:17,275.2,275.24,275,275.1,19750
NIFTYBEES,8/8/2025 15:18,275.1,275.1,275,275.05,38748
NIFTYBEES,8/8/2025 15:19,275.05,275.05,275,275.01,30862
NIFTYBEES,8/8/2025 15:20,275.01,275.19,274.81,275.17,72357
NIFTYBEES,8/8/2025 15:21,275.17,275.18,274.95,274.99,29249
NIFTYBEES,8/8/2025 15:22,275.02,275.02,275,275.02,46089
NIFTYBEES,8/8/2025 15:23,275,275,274.99,275,35452
NIFTYBEES,8/8/2025 15:24,275,275.03,274.98,275.02,76644
NIFTYBEES,8/8/2025 15:25,275,275.09,275,275.09,12113
NIFTYBEES,8/8/2025 15:26,275.07,275.09,275.06,275.06,34616
NIFTYBEES,8/8/2025 15:27,275.06,275.06,275.01,275.03,34148
NIFTYBEES,8/8/2025 15:28,275.03,275.5,275,275.23,67976
NIFTYBEES,8/8/2025 15:29,275.23,275.48,275.11,275.2,53199
NTPC,8/8/2025 9:16,330.8,331.25,330.8,331.25,37420
NTPC,8/8/2025 9:17,331.25,331.25,330.3,330.55,27045
NTPC,8/8/2025 9:18,330.6,331.65,330.5,331.65,19160
NTPC,8/8/2025 9:19,331.55,332.2,331.5,332,48141
NTPC,8/8/2025 9:20,332.05,332.05,331.8,331.8,44577
NTPC,8/8/2025 9:21,331.7,332.1,331.7,331.9,18205
NTPC,8/8/2025 9:22,332,332,331.85,331.95,5605
NTPC,8/8/2025 9:23,332,332.2,331.7,331.75,11211
NTPC,8/8/2025 9:24,331.85,331.85,331.3,331.4,11618
NTPC,8/8/2025 9:25,331.4,331.65,331.15,331.55,18421
NTPC,8/8/2025 9:26,331.65,332.15,331.55,331.9,13897
NTPC,8/8/2025 9:27,331.9,332.55,331.9,332.4,26594
NTPC,8/8/2025 9:28,332.4,332.45,331.6,331.75,10134
NTPC,8/8/2025 9:29,331.8,331.8,331.5,331.6,4432
NTPC,8/8/2025 9:30,331.7,331.75,331.05,331.25,23606
NTPC,8/8/2025 9:31,331.1,331.6,330.95,331.45,36474
NTPC,8/8/2025 9:32,331.4,331.7,330.85,331.4,56563
NTPC,8/8/2025 9:33,331.4,331.75,331.15,331.4,48296
NTPC,8/8/2025 9:34,331.4,331.75,331.2,331.35,75363
NTPC,8/8/2025 9:35,331.35,331.55,331,331,45234
NTPC,8/8/2025 9:36,330.85,331.35,330.8,331.35,27529
NTPC,8/8/2025 9:37,331.3,331.4,331.15,331.4,32157
NTPC,8/8/2025 9:38,331.3,331.5,331.15,331.2,57580
NTPC,8/8/2025 9:39,331.2,331.4,331.05,331.3,18632
NTPC,8/8/2025 9:40,331.15,331.35,331.1,331.2,1543
NTPC,8/8/2025 9:41,331.15,331.15,330.8,330.95,5828
NTPC,8/8/2025 9:42,330.95,331,330.75,330.95,7352
NTPC,8/8/2025 9:43,331,331,330.7,330.9,10877
NTPC,8/8/2025 9:44,330.9,331,330.9,330.95,3034
NTPC,8/8/2025 9:45,330.95,331,330.7,331,13714
NTPC,8/8/2025 9:46,330.95,331,330.8,331,6463
NTPC,8/8/2025 9:47,331,331,330.75,330.85,7823
NTPC,8/8/2025 9:48,330.95,331.1,330.9,330.9,21193
NTPC,8/8/2025 9:49,330.9,331.05,330.75,330.75,11744
NTPC,8/8/2025 9:50,330.75,330.9,330.65,330.9,8485
NTPC,8/8/2025 9:51,330.9,330.9,330.8,330.85,2927
NTPC,8/8/2025 9:52,330.85,331.05,330.85,331,3137
NTPC,8/8/2025 9:53,331.05,331.25,331,331.05,6126
NTPC,8/8/2025 9:54,331.05,331.2,331,331.15,6539
NTPC,8/8/2025 9:55,331.2,331.2,331.15,331.2,3612
NTPC,8/8/2025 9:56,331.2,331.2,331,331,14513
NTPC,8/8/2025 9:57,331.05,331.2,330.85,331.05,37586
NTPC,8/8/2025 9:58,331.05,331.15,330.75,331.15,39196
NTPC,8/8/2025 9:59,331.1,331.2,330.9,331,7589
NTPC,8/8/2025 10:00,330.9,331.2,330.9,331,2086
NTPC,8/8/2025 10:01,331,331.15,330.85,330.85,6477
NTPC,8/8/2025 10:02,330.9,330.9,330.65,330.65,9278
NTPC,8/8/2025 10:03,330.65,330.8,330.6,330.8,9314
NTPC,8/8/2025 10:04,330.75,330.8,330.65,330.65,1733
NTPC,8/8/2025 10:05,330.65,330.7,330.55,330.55,3212
NTPC,8/8/2025 10:06,330.6,330.6,330.5,330.5,4306
NTPC,8/8/2025 10:07,330.55,330.7,330.55,330.55,30482
NTPC,8/8/2025 10:08,330.55,330.65,330.4,330.5,6739
NTPC,8/8/2025 10:09,330.4,330.5,330.4,330.5,2257
NTPC,8/8/2025 10:10,330.5,330.8,330.5,330.75,10160
NTPC,8/8/2025 10:11,330.75,330.9,330.6,330.85,6947
NTPC,8/8/2025 10:12,330.85,330.9,330.65,330.9,5905
NTPC,8/8/2025 10:13,330.9,330.9,330.55,330.6,43603
NTPC,8/8/2025 10:14,330.6,330.7,330.5,330.6,26397
NTPC,8/8/2025 10:15,330.5,330.75,330.5,330.75,6433
NTPC,8/8/2025 10:16,330.65,330.9,330.65,330.9,2601
NTPC,8/8/2025 10:17,330.85,331,330.85,331,4476
NTPC,8/8/2025 10:18,331,331.3,330.95,331.25,64393
NTPC,8/8/2025 10:19,331.25,331.35,331.1,331.3,5941
NTPC,8/8/2025 10:20,331.3,331.3,331.05,331.05,3205
NTPC,8/8/2025 10:21,331.15,331.3,331,331.3,5158
NTPC,8/8/2025 10:22,331.25,331.3,331.15,331.3,2242
NTPC,8/8/2025 10:23,331.3,331.65,331.2,331.65,27126
NTPC,8/8/2025 10:24,331.7,331.95,331.65,331.95,16155
NTPC,8/8/2025 10:25,331.85,332.15,331.55,332,28374
NTPC,8/8/2025 10:26,332.15,332.5,332.1,332.45,11782
NTPC,8/8/2025 10:27,332.5,332.5,332.15,332.15,15385
NTPC,8/8/2025 10:28,332.35,332.35,332.1,332.1,6456
NTPC,8/8/2025 10:29,332.1,332.15,331.9,332.15,4638
NTPC,8/8/2025 10:30,332.15,332.4,332.1,332.25,6848
NTPC,8/8/2025 10:31,332.25,332.35,332,332,10999
NTPC,8/8/2025 10:32,332.05,332.1,331.75,331.85,5540
NTPC,8/8/2025 10:33,331.75,332,331.75,332,4051
NTPC,8/8/2025 10:34,331.95,332,331.65,331.75,1631
NTPC,8/8/2025 10:35,331.75,331.85,331.7,331.85,3051
NTPC,8/8/2025 10:36,331.8,331.85,331.75,331.8,2168
NTPC,8/8/2025 10:37,331.8,332,331.75,331.95,2481
NTPC,8/8/2025 10:38,331.95,332.25,331.9,332.2,5811
NTPC,8/8/2025 10:39,332.2,332.25,331.95,332.1,15582
NTPC,8/8/2025 10:40,331.95,332.15,331.95,332,3766
NTPC,8/8/2025 10:41,332.05,332.35,332.05,332.2,7363
NTPC,8/8/2025 10:42,332.2,332.3,332.1,332.3,1342
NTPC,8/8/2025 10:43,332.25,332.25,332.05,332.1,1544
NTPC,8/8/2025 10:44,332.2,332.2,332.05,332.15,1763
NTPC,8/8/2025 10:45,332.05,332.2,331.8,331.9,12898
NTPC,8/8/2025 10:46,331.75,332.15,331.75,332.1,3167
NTPC,8/8/2025 10:47,332.1,332.2,331.8,332,10128
NTPC,8/8/2025 10:48,332,332.1,331.85,332,10579
NTPC,8/8/2025 10:49,332,332.1,331.85,332.1,4628
NTPC,8/8/2025 10:50,332,332.1,331.85,331.95,2275
NTPC,8/8/2025 10:51,331.9,332.15,331.9,332.15,2116
NTPC,8/8/2025 10:52,332.15,332.25,332,332.15,5854
NTPC,8/8/2025 10:53,332.15,332.4,332,332.35,18305
NTPC,8/8/2025 10:54,332.4,332.4,332.3,332.35,2358
NTPC,8/8/2025 10:55,332.35,332.35,332.2,332.2,3801
NTPC,8/8/2025 10:56,332.25,332.35,332.2,332.25,1840
NTPC,8/8/2025 10:57,332.25,332.25,332.2,332.2,1642
NTPC,8/8/2025 10:58,332.2,332.25,332.15,332.25,4585
NTPC,8/8/2025 10:59,332.25,332.25,331.8,332.15,19192
NTPC,8/8/2025 11:00,332.2,332.4,332.15,332.4,1893
NTPC,8/8/2025 11:01,332.35,332.4,332.3,332.4,6086
NTPC,8/8/2025 11:02,332.35,333,332.35,332.95,71083
NTPC,8/8/2025 11:03,332.95,333.7,332.85,333.2,117789
NTPC,8/8/2025 11:04,333.25,333.3,332.95,333.1,14293
NTPC,8/8/2025 11:05,333.05,333.15,332.85,333,13645
NTPC,8/8/2025 11:06,333,333,332.85,333,4484
NTPC,8/8/2025 11:07,333,333,332.85,332.9,6717
NTPC,8/8/2025 11:08,332.85,333,332.85,333,5369
NTPC,8/8/2025 11:09,333,333.25,333,333.25,9380
NTPC,8/8/2025 11:10,333.15,333.35,333.15,333.2,10491
NTPC,8/8/2025 11:11,333.2,333.2,333.05,333.1,1546
NTPC,8/8/2025 11:12,333.1,333.15,333.05,333.1,1881
NTPC,8/8/2025 11:13,333.05,333.4,333.05,333.35,22117
NTPC,8/8/2025 11:14,333.35,333.35,333,333.25,8441
NTPC,8/8/2025 11:15,333.25,333.35,333.1,333.35,8056
NTPC,8/8/2025 11:16,333.3,333.65,333.25,333.55,12024
NTPC,8/8/2025 11:17,333.45,333.6,333.45,333.5,4440
NTPC,8/8/2025 11:18,333.6,334.1,333.5,334,40958
NTPC,8/8/2025 11:19,334.15,334.25,333.85,333.9,37867
NTPC,8/8/2025 11:20,333.9,334.15,333.9,334.1,8622
NTPC,8/8/2025 11:21,334.1,334.3,333.9,334.1,32862
NTPC,8/8/2025 11:22,334,334.1,333.75,333.95,11263
NTPC,8/8/2025 11:23,333.85,333.85,333.1,333.25,12338
NTPC,8/8/2025 11:24,333.2,333.5,333.2,333.5,9494
NTPC,8/8/2025 11:25,333.4,333.65,333.35,333.45,5629
NTPC,8/8/2025 11:26,333.5,333.8,333.4,333.8,5148
NTPC,8/8/2025 11:27,333.8,333.8,333.45,333.45,4890
NTPC,8/8/2025 11:28,333.35,333.55,333.3,333.45,1816
NTPC,8/8/2025 11:29,333.4,333.45,333.3,333.3,2561
NTPC,8/8/2025 11:30,333.45,333.45,333.2,333.2,9941
NTPC,8/8/2025 11:31,333.2,333.25,332.95,333.2,43302
NTPC,8/8/2025 11:32,333,333.2,332.95,333.05,26512
NTPC,8/8/2025 11:33,333.1,333.45,333,333.35,13005
NTPC,8/8/2025 11:34,333.4,333.45,333.2,333.3,1978
NTPC,8/8/2025 11:35,333.3,333.3,333.2,333.3,4041
NTPC,8/8/2025 11:36,333.2,333.3,333.15,333.3,1867
NTPC,8/8/2025 11:37,333.3,333.3,333.25,333.25,3427
NTPC,8/8/2025 11:38,333.3,333.3,333,333.05,33581
NTPC,8/8/2025 11:39,333.05,333.1,333,333.05,2824
NTPC,8/8/2025 11:40,333.05,333.1,333,333,4701
NTPC,8/8/2025 11:41,333.05,333.15,333,333.15,3773
NTPC,8/8/2025 11:42,333.15,333.15,332.9,333,10120
NTPC,8/8/2025 11:43,333.05,333.1,333,333.1,2341
NTPC,8/8/2025 11:44,333.05,333.1,333,333,2541
NTPC,8/8/2025 11:45,333.05,333.1,333,333,6372
NTPC,8/8/2025 11:46,333.1,333.1,333,333.05,1732
NTPC,8/8/2025 11:47,333.05,333.1,332.95,332.95,8787
NTPC,8/8/2025 11:48,333.05,333.1,333,333.05,10674
NTPC,8/8/2025 11:49,333.05,333.05,332.9,332.95,9912
NTPC,8/8/2025 11:50,333,333,332.85,332.85,18275
NTPC,8/8/2025 11:51,333,333,332.85,332.85,5756
NTPC,8/8/2025 11:52,332.85,332.9,332.7,332.75,18199
NTPC,8/8/2025 11:53,332.75,332.8,332.7,332.8,2073
NTPC,8/8/2025 11:54,332.75,332.8,332.75,332.8,3287
NTPC,8/8/2025 11:55,332.8,332.85,332.75,332.85,14246
NTPC,8/8/2025 11:56,332.8,332.85,332.75,332.75,7481
NTPC,8/8/2025 11:57,332.8,332.8,332.55,332.8,19480
NTPC,8/8/2025 11:58,332.8,332.8,332.35,332.7,44878
NTPC,8/8/2025 11:59,332.8,333.4,332.8,333.35,15884
NTPC,8/8/2025 12:00,333.3,333.35,333.1,333.35,3914
NTPC,8/8/2025 12:01,333.2,333.35,333.2,333.2,2297
NTPC,8/8/2025 12:02,333.25,333.25,332.85,333.05,7497
NTPC,8/8/2025 12:03,332.9,333.3,332.9,333.25,16127
NTPC,8/8/2025 12:04,333.15,333.25,333.1,333.2,6153
NTPC,8/8/2025 12:05,333.1,333.1,332.95,333,17158
NTPC,8/8/2025 12:06,333,333.4,332.95,333.4,35288
NTPC,8/8/2025 12:07,333.4,333.5,333.35,333.5,4692
NTPC,8/8/2025 12:08,333.45,333.65,333.4,333.65,1739
NTPC,8/8/2025 12:09,333.65,333.65,333.5,333.6,1703
NTPC,8/8/2025 12:10,333.6,333.85,333.45,333.8,11752
NTPC,8/8/2025 12:11,333.85,334,333.65,333.85,33294
NTPC,8/8/2025 12:12,334,334.05,333.75,333.85,3864
NTPC,8/8/2025 12:13,333.85,333.85,333.7,333.75,2589
NTPC,8/8/2025 12:14,333.85,333.85,333.6,333.75,4714
NTPC,8/8/2025 12:15,333.75,333.85,333.5,333.65,6411
NTPC,8/8/2025 12:16,333.55,333.65,333.5,333.5,1595
NTPC,8/8/2025 12:17,333.55,333.65,333.4,333.55,7260
NTPC,8/8/2025 12:18,333.55,334.25,333.5,334.25,61598
NTPC,8/8/2025 12:19,334.2,334.75,334.2,334.6,100378
NTPC,8/8/2025 12:20,334.6,334.65,334.35,334.5,18057
NTPC,8/8/2025 12:21,334.6,334.6,334.25,334.25,12701
NTPC,8/8/2025 12:22,334.25,334.65,334.25,334.45,11340
NTPC,8/8/2025 12:23,334.45,334.5,334.4,334.5,2767
NTPC,8/8/2025 12:24,334.5,334.6,334.3,334.4,7405
NTPC,8/8/2025 12:25,334.45,334.55,334.35,334.5,4362
NTPC,8/8/2025 12:26,334.5,334.55,334.4,334.55,7158
NTPC,8/8/2025 12:27,334.55,334.6,334.45,334.5,10139
NTPC,8/8/2025 12:28,334.5,334.5,334.35,334.45,3735
NTPC,8/8/2025 12:29,334.45,334.45,334.3,334.4,5600
NTPC,8/8/2025 12:30,334.4,334.5,334.25,334.45,11442
NTPC,8/8/2025 12:31,334.45,334.45,334.35,334.45,1254
NTPC,8/8/2025 12:32,334.45,334.6,334.35,334.6,517422
NTPC,8/8/2025 12:33,334.6,334.65,334.5,334.6,7737
NTPC,8/8/2025 12:34,334.6,334.65,334.5,334.6,4592
NTPC,8/8/2025 12:35,334.55,334.95,334.5,334.75,69575
NTPC,8/8/2025 12:36,334.75,334.95,334.45,334.7,64653
NTPC,8/8/2025 12:37,334.7,334.75,334.65,334.75,5446
NTPC,8/8/2025 12:38,334.7,334.9,334.65,334.8,8541
NTPC,8/8/2025 12:39,334.8,334.95,334.55,334.95,17555
NTPC,8/8/2025 12:40,334.95,335.35,334.85,335.25,84637
NTPC,8/8/2025 12:41,335.25,335.5,335.1,335.45,22177
NTPC,8/8/2025 12:42,335.45,335.45,335.2,335.3,5212
NTPC,8/8/2025 12:43,335.3,335.35,335.2,335.25,14300
NTPC,8/8/2025 12:44,335.25,335.3,335.2,335.2,11767
NTPC,8/8/2025 12:45,335.25,335.45,335.2,335.45,30864
NTPC,8/8/2025 12:46,335.45,335.5,335.05,335.45,42072
NTPC,8/8/2025 12:47,335.5,335.7,335.4,335.65,42624
NTPC,8/8/2025 12:48,335.6,335.75,335.5,335.55,32181
NTPC,8/8/2025 12:49,335.65,335.65,335.45,335.6,9273
NTPC,8/8/2025 12:50,335.6,336,335.55,336,37190
NTPC,8/8/2025 12:51,336,336.2,335.85,336.2,31810
NTPC,8/8/2025 12:52,336.2,336.6,336.1,336.55,85873
NTPC,8/8/2025 12:53,336.5,336.9,336.45,336.9,35598
NTPC,8/8/2025 12:54,336.9,337.5,336.8,337.35,74626
NTPC,8/8/2025 12:55,337.35,337.4,336.85,337,66041
NTPC,8/8/2025 12:56,337,337.15,336.7,336.8,42804
NTPC,8/8/2025 12:57,336.8,337.05,336.7,336.7,55746
NTPC,8/8/2025 12:58,336.7,336.95,336.6,336.9,37389
NTPC,8/8/2025 12:59,336.9,336.9,336.6,336.9,22140
NTPC,8/8/2025 13:00,336.9,336.95,336.8,336.95,15889
NTPC,8/8/2025 13:01,336.95,336.95,336.8,336.85,12439
NTPC,8/8/2025 13:02,336.85,336.85,336.6,336.7,24972
NTPC,8/8/2025 13:03,336.7,336.95,336.7,336.85,25327
NTPC,8/8/2025 13:04,336.85,336.85,336.3,336.35,89619
NTPC,8/8/2025 13:05,336.35,336.7,336.35,336.6,12195
NTPC,8/8/2025 13:06,336.5,336.6,336.45,336.6,10013
NTPC,8/8/2025 13:07,336.6,336.6,336.15,336.15,22297
NTPC,8/8/2025 13:08,336.15,336.3,335.95,336.3,38049
NTPC,8/8/2025 13:09,336.3,336.6,336.2,336.5,22740
NTPC,8/8/2025 13:10,336.5,336.65,336.4,336.6,12553
NTPC,8/8/2025 13:11,336.6,336.75,336.5,336.6,15445
NTPC,8/8/2025 13:12,336.6,336.75,336.55,336.75,13229
NTPC,8/8/2025 13:13,336.75,336.75,336.15,336.45,31053
NTPC,8/8/2025 13:14,336.5,336.5,336.3,336.45,5357
NTPC,8/8/2025 13:15,336.45,336.45,336.15,336.35,23429
NTPC,8/8/2025 13:16,336.25,336.45,336.25,336.45,15142
NTPC,8/8/2025 13:17,336.55,336.8,336.35,336.75,31025
NTPC,8/8/2025 13:18,336.75,336.8,336.6,336.75,6131
NTPC,8/8/2025 13:19,336.7,337.3,336.7,337.2,44092
NTPC,8/8/2025 13:20,337.2,337.4,337.2,337.35,18026
NTPC,8/8/2025 13:21,337.35,337.45,337.2,337.45,13194
NTPC,8/8/2025 13:22,337.3,337.4,336.85,337,26637
NTPC,8/8/2025 13:23,337,337,336.6,336.8,13736
NTPC,8/8/2025 13:24,336.8,336.9,336.7,336.9,8712
NTPC,8/8/2025 13:25,336.9,336.9,336.65,336.7,5853
NTPC,8/8/2025 13:26,336.65,336.65,336.4,336.45,13203
NTPC,8/8/2025 13:27,336.55,336.6,336.4,336.5,2794
NTPC,8/8/2025 13:28,336.5,336.5,336.1,336.45,24400
NTPC,8/8/2025 13:29,336.45,336.65,336.3,336.45,8668
NTPC,8/8/2025 13:30,336.45,336.5,336.2,336.5,6438
NTPC,8/8/2025 13:31,336.5,336.5,336.4,336.5,9844
NTPC,8/8/2025 13:32,336.5,336.5,336.3,336.4,9336
NTPC,8/8/2025 13:33,336.45,336.45,336.05,336.05,27341
NTPC,8/8/2025 13:34,336.15,336.15,336.05,336.1,12089
NTPC,8/8/2025 13:35,336.05,336.15,336,336.15,9268
NTPC,8/8/2025 13:36,336.05,336.15,336,336.15,18552
NTPC,8/8/2025 13:37,336.1,336.15,336.05,336.1,31369
NTPC,8/8/2025 13:38,336.1,336.1,336.05,336.1,16486
NTPC,8/8/2025 13:39,336.1,336.1,335.95,335.95,28357
NTPC,8/8/2025 13:40,336,336,335.95,336,9441
NTPC,8/8/2025 13:41,336,336,335.8,336,18974
NTPC,8/8/2025 13:42,336,336,335.95,336,9766
NTPC,8/8/2025 13:43,335.95,336,335.75,335.75,30050
NTPC,8/8/2025 13:44,335.75,335.9,335.7,335.7,37645
NTPC,8/8/2025 13:45,335.9,336,335.85,336,17371
NTPC,8/8/2025 13:46,336,336,335.95,336,14784
NTPC,8/8/2025 13:47,336,336,335.85,335.9,20801
NTPC,8/8/2025 13:48,335.9,335.95,335.7,335.9,30994
NTPC,8/8/2025 13:49,335.85,336,335.85,336,32802
NTPC,8/8/2025 13:50,336,336,335.95,336,11410
NTPC,8/8/2025 13:51,336,336,335.95,336,16466
NTPC,8/8/2025 13:52,336,336,335.95,336,12410
NTPC,8/8/2025 13:53,336,336,335.9,336,15416
NTPC,8/8/2025 13:54,336,336.05,335.9,335.95,45380
NTPC,8/8/2025 13:55,335.95,336,335.5,335.55,31511
NTPC,8/8/2025 13:56,335.5,335.6,334.9,335,311717
NTPC,8/8/2025 13:57,334.85,335.1,334.85,335.1,104690
NTPC,8/8/2025 13:58,335.05,335.2,334.95,335,60950
NTPC,8/8/2025 13:59,335,335,334.95,335,12333
NTPC,8/8/2025 14:00,335,335,334.95,335,56315
NTPC,8/8/2025 14:01,334.95,335.25,334.95,335.15,47965
NTPC,8/8/2025 14:02,335.15,335.2,334.95,335.1,24143
NTPC,8/8/2025 14:03,335,335.2,335,335.1,9556
NTPC,8/8/2025 14:04,335.2,335.4,335.1,335.3,21882
NTPC,8/8/2025 14:05,335.3,335.3,335.05,335.05,7823
NTPC,8/8/2025 14:06,335.1,335.1,334.75,334.75,25339
NTPC,8/8/2025 14:07,334.85,335.1,334.75,334.95,19351
NTPC,8/8/2025 14:08,335,335.15,334.85,334.95,23162
NTPC,8/8/2025 14:09,335,335.05,334.9,335,20337
NTPC,8/8/2025 14:10,335,335,334.8,334.95,10920
NTPC,8/8/2025 14:11,334.8,335.1,334.8,334.95,46363
NTPC,8/8/2025 14:12,335,335.1,334.55,334.6,55202
NTPC,8/8/2025 14:13,334.55,334.95,334.5,334.8,139600
NTPC,8/8/2025 14:14,334.75,334.9,334.7,334.75,8022
NTPC,8/8/2025 14:15,334.75,334.95,334.75,334.85,7640
NTPC,8/8/2025 14:16,334.85,335.1,334.75,334.95,35789
NTPC,8/8/2025 14:17,334.95,335.1,334.9,335,16936
NTPC,8/8/2025 14:18,335,335.25,334.95,335.2,15097
NTPC,8/8/2025 14:19,335.15,335.35,335.15,335.25,11492
NTPC,8/8/2025 14:20,335.35,335.35,335.05,335.25,21288
NTPC,8/8/2025 14:21,335.25,335.4,335.15,335.25,9035
NTPC,8/8/2025 14:22,335.25,335.35,335.1,335.3,13553
NTPC,8/8/2025 14:23,335.3,335.3,335.05,335.1,7166
NTPC,8/8/2025 14:24,335.1,335.25,335,335.1,6553
NTPC,8/8/2025 14:25,335.1,335.15,334.9,335,16322
NTPC,8/8/2025 14:26,335,335.2,334.95,335.1,5053
NTPC,8/8/2025 14:27,335.1,335.2,334.85,334.85,7435
NTPC,8/8/2025 14:28,334.95,335.1,334.85,335,5569
NTPC,8/8/2025 14:29,334.9,335.05,334.75,334.8,11378
NTPC,8/8/2025 14:30,334.9,335.05,334.8,335,32299
NTPC,8/8/2025 14:31,335,335,334.85,334.9,85956
NTPC,8/8/2025 14:32,334.95,335.05,334.65,334.7,33544
NTPC,8/8/2025 14:33,334.8,335,334.65,335,49633
NTPC,8/8/2025 14:34,335,335.1,334.85,334.85,33356
NTPC,8/8/2025 14:35,334.95,335.1,334.85,334.85,29229
NTPC,8/8/2025 14:36,334.95,335,334.85,334.85,14511
NTPC,8/8/2025 14:37,334.9,335,334.85,334.85,33132
NTPC,8/8/2025 14:38,334.95,335,334.85,335,8048
NTPC,8/8/2025 14:39,335,335.05,334.85,334.85,32048
NTPC,8/8/2025 14:40,335,335,334.85,334.85,10149
NTPC,8/8/2025 14:41,334.95,335,334.85,335,6912
NTPC,8/8/2025 14:42,334.9,335.05,334.85,335,25409
NTPC,8/8/2025 14:43,335.05,335.05,334.85,334.85,20630
NTPC,8/8/2025 14:44,334.85,334.95,334.85,334.85,4512
NTPC,8/8/2025 14:45,334.95,334.95,334.85,334.85,4524
NTPC,8/8/2025 14:46,334.95,334.95,334.7,334.75,9922
NTPC,8/8/2025 14:47,334.7,334.8,334.45,334.8,31747
NTPC,8/8/2025 14:48,334.8,334.95,334.65,334.8,31684
NTPC,8/8/2025 14:49,334.8,334.95,334.65,334.75,8031
NTPC,8/8/2025 14:50,334.6,334.75,334.6,334.75,4402
NTPC,8/8/2025 14:51,334.75,334.75,334.6,334.7,6740
NTPC,8/8/2025 14:52,334.7,334.8,334.6,334.8,25237
NTPC,8/8/2025 14:53,334.8,334.8,334.65,334.65,7567
NTPC,8/8/2025 14:54,334.7,334.7,334.65,334.7,7586
NTPC,8/8/2025 14:55,334.7,334.7,334.55,334.55,4478
NTPC,8/8/2025 14:56,334.6,334.65,334.5,334.6,11248
NTPC,8/8/2025 14:57,334.65,334.75,334.5,334.6,23718
NTPC,8/8/2025 14:58,334.6,334.9,334.55,334.75,76116
NTPC,8/8/2025 14:59,334.75,335,334.75,334.8,63408
NTPC,8/8/2025 15:00,334.9,335,334.65,334.85,41944
NTPC,8/8/2025 15:01,334.85,334.85,334.65,334.65,13943
NTPC,8/8/2025 15:02,334.7,334.7,334.65,334.7,17480
NTPC,8/8/2025 15:03,334.7,334.85,334.6,334.85,83849
NTPC,8/8/2025 15:04,334.85,335,334.8,334.9,14956
NTPC,8/8/2025 15:05,335,335,334.85,335,19802
NTPC,8/8/2025 15:06,334.95,335,334.85,334.85,50566
NTPC,8/8/2025 15:07,334.85,334.95,334.75,334.8,23513
NTPC,8/8/2025 15:08,334.8,334.8,334.65,334.7,13900
NTPC,8/8/2025 15:09,334.65,334.75,334.55,334.55,27128
NTPC,8/8/2025 15:10,334.65,334.75,334.55,334.65,39720
NTPC,8/8/2025 15:11,334.65,334.65,334.45,334.5,27142
NTPC,8/8/2025 15:12,334.5,334.5,334.1,334.1,43185
NTPC,8/8/2025 15:13,334.25,334.4,334.05,334.2,34736
NTPC,8/8/2025 15:14,334.2,334.4,334.2,334.35,29550
NTPC,8/8/2025 15:15,334.4,334.6,334.35,334.5,157365
NTPC,8/8/2025 15:16,334.5,334.8,334.45,334.7,137316
NTPC,8/8/2025 15:17,334.65,334.7,334.5,334.6,38058
NTPC,8/8/2025 15:18,334.65,334.85,334.5,334.7,100403
NTPC,8/8/2025 15:19,334.8,334.85,334.7,334.8,31262
NTPC,8/8/2025 15:20,334.8,334.8,334.6,334.7,44971
NTPC,8/8/2025 15:21,334.7,334.9,334.65,334.7,35169
NTPC,8/8/2025 15:22,334.75,334.95,334.65,334.7,56918
NTPC,8/8/2025 15:23,334.7,334.7,334.4,334.4,12846
NTPC,8/8/2025 15:24,334.4,334.65,334.4,334.65,56917
NTPC,8/8/2025 15:25,334.75,335.1,334.6,334.9,214278
NTPC,8/8/2025 15:26,335,335,334.85,334.9,174959
NTPC,8/8/2025 15:27,334.9,335.1,334.85,335,116716
NTPC,8/8/2025 15:28,334.95,335.4,334.95,335.2,75776
NTPC,8/8/2025 15:29,335.05,335.15,335,335,15469
ONGC,8/8/2025 9:16,233.61,233.68,232.95,233.28,69748
ONGC,8/8/2025 9:17,233.28,233.6,233.19,233.52,8430
ONGC,8/8/2025 9:18,233.31,233.7,233.31,233.69,16913
ONGC,8/8/2025 9:19,233.63,234.16,233.59,234.14,37622
ONGC,8/8/2025 9:20,234.12,234.33,234.09,234.2,35111
ONGC,8/8/2025 9:21,234.19,234.71,234.16,234.55,34197
ONGC,8/8/2025 9:22,234.6,234.68,234.35,234.62,15158
ONGC,8/8/2025 9:23,234.56,234.83,234.56,234.74,17205
ONGC,8/8/2025 9:24,234.74,234.74,234.49,234.72,22545
ONGC,8/8/2025 9:25,234.67,234.99,234.5,234.99,33994
ONGC,8/8/2025 9:26,234.98,235.12,234.83,235.07,27736
ONGC,8/8/2025 9:27,235.07,235.07,234.96,234.96,7388
ONGC,8/8/2025 9:28,234.95,235.03,234.75,234.8,2727
ONGC,8/8/2025 9:29,234.76,234.8,234.47,234.47,6802
ONGC,8/8/2025 9:30,234.47,234.67,234.21,234.24,17808
ONGC,8/8/2025 9:31,234.33,234.68,234.33,234.62,12753
ONGC,8/8/2025 9:32,234.61,234.64,234.29,234.5,14576
ONGC,8/8/2025 9:33,234.5,234.7,234.44,234.51,7414
ONGC,8/8/2025 9:34,234.43,234.61,234.43,234.57,11541
ONGC,8/8/2025 9:35,234.57,234.57,234.45,234.45,8954
ONGC,8/8/2025 9:36,234.45,234.48,233.56,233.92,76722
ONGC,8/8/2025 9:37,234.04,234.05,233.77,234,17087
ONGC,8/8/2025 9:38,234.02,234.26,233.89,233.98,27433
ONGC,8/8/2025 9:39,233.98,234.1,233.9,234.1,5074
ONGC,8/8/2025 9:40,234.1,234.13,233.95,234.05,15625
ONGC,8/8/2025 9:41,234.05,234.14,233.95,233.99,21457
ONGC,8/8/2025 9:42,233.93,233.99,233.86,233.95,6104
ONGC,8/8/2025 9:43,233.94,234.15,233.89,234.08,22082
ONGC,8/8/2025 9:44,234.08,234.15,234,234.07,1922
ONGC,8/8/2025 9:45,234.04,234.04,233.85,233.99,11373
ONGC,8/8/2025 9:46,233.91,233.99,233.87,233.92,724
ONGC,8/8/2025 9:47,233.92,233.99,233.86,233.96,3798
ONGC,8/8/2025 9:48,233.99,233.99,233.87,233.95,1622
ONGC,8/8/2025 9:49,233.95,233.95,233.81,233.91,3250
ONGC,8/8/2025 9:50,233.91,233.95,233.84,233.95,12667
ONGC,8/8/2025 9:51,233.92,234.09,233.92,234.09,7779
ONGC,8/8/2025 9:52,234.09,234.17,234,234.1,5705
ONGC,8/8/2025 9:53,234.1,234.1,234,234.07,2613
ONGC,8/8/2025 9:54,234.06,234.1,234,234.1,7032
ONGC,8/8/2025 9:55,234.1,234.15,233.89,233.98,20670
ONGC,8/8/2025 9:56,233.98,233.98,233.46,233.54,30791
ONGC,8/8/2025 9:57,233.5,233.61,233.45,233.52,13371
ONGC,8/8/2025 9:58,233.43,233.54,233.43,233.49,3817
ONGC,8/8/2025 9:59,233.51,233.68,233.5,233.64,12724
ONGC,8/8/2025 10:00,233.64,233.83,233.55,233.64,9402
ONGC,8/8/2025 10:01,233.64,233.65,233.31,233.46,18717
ONGC,8/8/2025 10:02,233.46,233.48,233.3,233.36,4763
ONGC,8/8/2025 10:03,233.36,233.68,233.36,233.6,6123
ONGC,8/8/2025 10:04,233.56,233.65,233.53,233.61,4078
ONGC,8/8/2025 10:05,233.54,233.61,233.4,233.5,5906
ONGC,8/8/2025 10:06,233.5,233.54,233.4,233.5,3417
ONGC,8/8/2025 10:07,233.56,233.61,233.43,233.55,5175
ONGC,8/8/2025 10:08,233.47,233.62,233.43,233.55,5455
ONGC,8/8/2025 10:09,233.62,233.62,233.5,233.59,2142
ONGC,8/8/2025 10:10,233.56,233.68,233.5,233.68,12729
ONGC,8/8/2025 10:11,233.68,233.78,233.63,233.65,4923
ONGC,8/8/2025 10:12,233.63,233.67,233.5,233.63,9823
ONGC,8/8/2025 10:13,233.55,233.7,233.52,233.65,9023
ONGC,8/8/2025 10:14,233.65,233.84,233.56,233.58,12386
ONGC,8/8/2025 10:15,233.58,233.74,233.5,233.59,4765
ONGC,8/8/2025 10:16,233.55,233.6,233.4,233.58,11946
ONGC,8/8/2025 10:17,233.49,233.58,233.4,233.49,2414
ONGC,8/8/2025 10:18,233.4,233.5,233.4,233.47,3402
ONGC,8/8/2025 10:19,233.44,233.48,233.4,233.44,3383
ONGC,8/8/2025 10:20,233.41,233.56,233.4,233.41,5014
ONGC,8/8/2025 10:21,233.41,233.45,233.33,233.41,4757
ONGC,8/8/2025 10:22,233.44,233.44,233.3,233.37,3611
ONGC,8/8/2025 10:23,233.36,233.62,233.32,233.62,3156
ONGC,8/8/2025 10:24,233.52,233.6,233.45,233.45,3376
ONGC,8/8/2025 10:25,233.49,233.5,233.4,233.4,2710
ONGC,8/8/2025 10:26,233.42,233.61,233.4,233.58,2549
ONGC,8/8/2025 10:27,233.64,233.64,233.42,233.42,4078
ONGC,8/8/2025 10:28,233.42,233.53,233.31,233.31,5190
ONGC,8/8/2025 10:29,233.31,233.41,233.3,233.3,4016
ONGC,8/8/2025 10:30,233.32,233.65,233.3,233.51,4518
ONGC,8/8/2025 10:31,233.44,233.51,233.31,233.32,2340
ONGC,8/8/2025 10:32,233.2,233.32,233.13,233.23,22268
ONGC,8/8/2025 10:33,233.23,233.39,233.23,233.31,1800
ONGC,8/8/2025 10:34,233.31,233.34,233.2,233.32,5216
ONGC,8/8/2025 10:35,233.32,233.32,233.2,233.3,8638
ONGC,8/8/2025 10:36,233.31,233.44,233.24,233.42,11556
ONGC,8/8/2025 10:37,233.42,233.5,233.38,233.5,3111
ONGC,8/8/2025 10:38,233.5,233.5,233.39,233.46,2037
ONGC,8/8/2025 10:39,233.45,233.68,233.42,233.6,44585
ONGC,8/8/2025 10:40,233.68,233.78,233.6,233.67,4256
ONGC,8/8/2025 10:41,233.67,233.9,233.62,233.78,27551
ONGC,8/8/2025 10:42,233.78,233.79,233.59,233.68,2807
ONGC,8/8/2025 10:43,233.67,233.68,233.59,233.67,3267
ONGC,8/8/2025 10:44,233.63,233.8,233.63,233.7,4604
ONGC,8/8/2025 10:45,233.8,233.8,233.67,233.69,2017
ONGC,8/8/2025 10:46,233.67,233.75,233.67,233.68,3951
ONGC,8/8/2025 10:47,233.68,233.72,233.52,233.65,3473
ONGC,8/8/2025 10:48,233.66,233.67,233.45,233.51,3138
ONGC,8/8/2025 10:49,233.5,233.51,233.34,233.46,5795
ONGC,8/8/2025 10:50,233.43,233.5,233.4,233.42,2577
ONGC,8/8/2025 10:51,233.42,233.5,233.36,233.39,4263
ONGC,8/8/2025 10:52,233.43,233.47,233.36,233.45,2147
ONGC,8/8/2025 10:53,233.46,233.66,233.45,233.61,4493
ONGC,8/8/2025 10:54,233.4,233.55,233.3,233.39,26252
ONGC,8/8/2025 10:55,233.37,233.41,233.27,233.36,5039
ONGC,8/8/2025 10:56,233.36,233.41,233.25,233.41,3140
ONGC,8/8/2025 10:57,233.35,233.41,233.28,233.28,2254
ONGC,8/8/2025 10:58,233.27,233.5,233.25,233.33,2651
ONGC,8/8/2025 10:59,233.34,233.44,233.15,233.44,18793
ONGC,8/8/2025 11:00,233.42,233.55,233.32,233.5,11237
ONGC,8/8/2025 11:01,233.5,233.58,233.42,233.51,4028
ONGC,8/8/2025 11:02,233.45,233.65,233.42,233.59,10503
ONGC,8/8/2025 11:03,233.55,233.58,233.41,233.54,5262
ONGC,8/8/2025 11:04,233.55,233.6,233.41,233.46,6669
ONGC,8/8/2025 11:05,233.34,233.46,233.31,233.38,4915
ONGC,8/8/2025 11:06,233.38,233.55,233.35,233.53,10117
ONGC,8/8/2025 11:07,233.54,233.55,233.36,233.44,10105
ONGC,8/8/2025 11:08,233.44,233.62,233.29,233.43,31943
ONGC,8/8/2025 11:09,233.36,233.4,233.31,233.32,2598
ONGC,8/8/2025 11:10,233.32,233.4,233.31,233.31,3027
ONGC,8/8/2025 11:11,233.37,233.49,233.31,233.49,3655
ONGC,8/8/2025 11:12,233.49,233.49,233.33,233.4,2685
ONGC,8/8/2025 11:13,233.46,233.52,233.34,233.48,2702
ONGC,8/8/2025 11:14,233.4,233.54,233.38,233.54,4088
ONGC,8/8/2025 11:15,233.5,233.58,233.39,233.45,4597
ONGC,8/8/2025 11:16,233.45,233.62,233.45,233.52,2429
ONGC,8/8/2025 11:17,233.6,233.64,233.48,233.53,4017
ONGC,8/8/2025 11:18,233.58,233.6,233.51,233.6,1870
ONGC,8/8/2025 11:19,233.65,233.76,233.58,233.72,4757
ONGC,8/8/2025 11:20,233.73,233.8,233.66,233.8,6183
ONGC,8/8/2025 11:21,233.86,233.9,233.8,233.8,3589
ONGC,8/8/2025 11:22,233.89,233.9,233.76,233.76,10192
ONGC,8/8/2025 11:23,233.75,233.81,233.61,233.67,4689
ONGC,8/8/2025 11:24,233.72,233.84,233.61,233.79,4164
ONGC,8/8/2025 11:25,233.7,233.9,233.7,233.8,2703
ONGC,8/8/2025 11:26,233.85,234,233.8,234,8057
ONGC,8/8/2025 11:27,233.9,233.9,233.79,233.9,4467
ONGC,8/8/2025 11:28,233.9,233.9,233.86,233.87,1583
ONGC,8/8/2025 11:29,233.87,233.88,233.74,233.82,5469
ONGC,8/8/2025 11:30,233.8,233.9,233.71,233.9,4501
ONGC,8/8/2025 11:31,233.9,233.9,233.83,233.9,4246
ONGC,8/8/2025 11:32,233.87,233.9,233.85,233.85,4710
ONGC,8/8/2025 11:33,233.87,234,233.77,234,7307
ONGC,8/8/2025 11:34,233.99,234,233.85,233.92,4632
ONGC,8/8/2025 11:35,233.96,234,233.87,233.92,2181
ONGC,8/8/2025 11:36,233.92,233.99,233.82,233.99,3368
ONGC,8/8/2025 11:37,233.99,234,233.84,234,5907
ONGC,8/8/2025 11:38,233.95,233.95,233.71,233.84,3448
ONGC,8/8/2025 11:39,233.73,233.88,233.73,233.75,5667
ONGC,8/8/2025 11:40,233.84,233.84,233.67,233.67,6689
ONGC,8/8/2025 11:41,233.75,233.88,233.67,233.77,4282
ONGC,8/8/2025 11:42,233.87,233.9,233.75,233.86,3304
ONGC,8/8/2025 11:43,233.85,234,233.77,234,16776
ONGC,8/8/2025 11:44,233.98,234,233.9,233.99,11043
ONGC,8/8/2025 11:45,233.99,234,233.86,233.99,2748
ONGC,8/8/2025 11:46,233.98,234,233.91,233.95,6791
ONGC,8/8/2025 11:47,233.96,233.98,233.83,233.9,3589
ONGC,8/8/2025 11:48,233.91,233.94,233.76,233.89,2586
ONGC,8/8/2025 11:49,233.89,233.95,233.78,233.92,3106
ONGC,8/8/2025 11:50,233.85,233.96,233.85,233.95,2812
ONGC,8/8/2025 11:51,233.91,234,233.86,233.93,6187
ONGC,8/8/2025 11:52,233.87,233.94,233.8,233.87,4711
ONGC,8/8/2025 11:53,233.87,233.91,233.8,233.8,3459
ONGC,8/8/2025 11:54,233.88,233.94,233.8,233.88,5424
ONGC,8/8/2025 11:55,233.88,233.98,233.83,233.88,2477
ONGC,8/8/2025 11:56,233.96,234.15,233.83,234.15,62619
ONGC,8/8/2025 11:57,234.15,234.23,234.07,234.23,15993
ONGC,8/8/2025 11:58,234.24,234.24,234,234.17,74774
ONGC,8/8/2025 11:59,234.19,234.21,234.1,234.1,19923
ONGC,8/8/2025 12:00,234.18,234.19,234.05,234.1,17523
ONGC,8/8/2025 12:01,234,234.12,234,234.02,135096
ONGC,8/8/2025 12:02,234.03,234.1,233.85,233.9,170398
ONGC,8/8/2025 12:03,233.9,233.98,233.78,233.92,11147
ONGC,8/8/2025 12:04,233.95,233.95,233.81,233.89,1621
ONGC,8/8/2025 12:05,233.89,233.96,233.81,233.95,6374
ONGC,8/8/2025 12:06,233.95,234,233.87,233.92,14043
ONGC,8/8/2025 12:07,234,234,233.91,234,3799
ONGC,8/8/2025 12:08,233.92,233.99,233.85,233.91,3678
ONGC,8/8/2025 12:09,233.96,234,233.81,233.81,2618
ONGC,8/8/2025 12:10,233.84,233.85,233.62,233.83,35576
ONGC,8/8/2025 12:11,233.83,233.96,233.75,233.95,10979
ONGC,8/8/2025 12:12,233.95,233.95,233.82,233.9,3317
ONGC,8/8/2025 12:13,233.9,233.9,233.78,233.79,1886
ONGC,8/8/2025 12:14,233.8,233.94,233.79,233.81,24305
ONGC,8/8/2025 12:15,233.88,233.9,233.63,233.7,4434
ONGC,8/8/2025 12:16,233.66,233.76,233.55,233.76,9036
ONGC,8/8/2025 12:17,233.76,233.77,233.59,233.76,2537
ONGC,8/8/2025 12:18,233.75,234.02,233.63,234,114853
ONGC,8/8/2025 12:19,234,234.19,234,234.19,9130
ONGC,8/8/2025 12:20,234.12,234.17,234,234,7067
ONGC,8/8/2025 12:21,234.02,234.08,233.67,233.81,135657
ONGC,8/8/2025 12:22,233.79,233.89,233.73,233.82,6129
ONGC,8/8/2025 12:23,233.88,234,233.82,233.83,46836
ONGC,8/8/2025 12:24,233.8,233.98,233.8,233.93,7029
ONGC,8/8/2025 12:25,233.93,234,233.85,233.85,21721
ONGC,8/8/2025 12:26,233.85,233.98,233.84,233.94,11144
ONGC,8/8/2025 12:27,233.94,233.95,233.87,233.95,6325
ONGC,8/8/2025 12:28,233.93,233.95,233.76,233.9,9303
ONGC,8/8/2025 12:29,233.92,233.96,233.83,233.93,13901
ONGC,8/8/2025 12:30,233.93,233.93,233.83,233.83,2111
ONGC,8/8/2025 12:31,233.83,233.95,233.8,233.88,7928
ONGC,8/8/2025 12:32,233.88,233.88,233.68,233.79,4565
ONGC,8/8/2025 12:33,233.8,233.8,233.57,233.57,8473
ONGC,8/8/2025 12:34,233.64,233.88,233.57,233.75,37523
ONGC,8/8/2025 12:35,233.75,233.84,233.75,233.78,55219
ONGC,8/8/2025 12:36,233.75,233.93,233.75,233.92,36367
ONGC,8/8/2025 12:37,233.83,233.97,233.62,233.76,230129
ONGC,8/8/2025 12:38,233.68,233.78,233.52,233.54,4870
ONGC,8/8/2025 12:39,233.6,233.97,233.53,233.89,87250
ONGC,8/8/2025 12:40,233.8,233.9,233.66,233.77,7520
ONGC,8/8/2025 12:41,233.72,233.82,233.6,233.69,4245
ONGC,8/8/2025 12:42,233.65,233.86,233.65,233.73,13730
ONGC,8/8/2025 12:43,233.73,233.84,233.66,233.84,1756
ONGC,8/8/2025 12:44,233.84,234,233.8,233.95,12366
ONGC,8/8/2025 12:45,233.81,233.99,233.81,233.9,5874
ONGC,8/8/2025 12:46,233.95,234,233.87,233.97,2617
ONGC,8/8/2025 12:47,233.95,234,233.88,234,92066
ONGC,8/8/2025 12:48,234,234.17,233.97,234.17,37228
ONGC,8/8/2025 12:49,234.08,234.17,234.05,234.08,2325
ONGC,8/8/2025 12:50,234.08,234.25,234.08,234.18,8966
ONGC,8/8/2025 12:51,234.35,234.41,234.23,234.32,12138
ONGC,8/8/2025 12:52,234.4,234.4,234.23,234.3,11193
ONGC,8/8/2025 12:53,234.32,234.39,234.3,234.3,16489
ONGC,8/8/2025 12:54,234.3,234.55,234.3,234.55,20273
ONGC,8/8/2025 12:55,234.57,234.83,234.55,234.68,26089
ONGC,8/8/2025 12:56,234.72,234.84,234.66,234.77,9883
ONGC,8/8/2025 12:57,234.74,234.77,234.57,234.71,9661
ONGC,8/8/2025 12:58,234.63,234.63,234.5,234.59,2041
ONGC,8/8/2025 12:59,234.59,234.59,234.33,234.48,4341
ONGC,8/8/2025 13:00,234.41,234.63,234.37,234.46,8660
ONGC,8/8/2025 13:01,234.46,234.46,234.35,234.4,1794
ONGC,8/8/2025 13:02,234.35,234.41,234.35,234.36,2041
ONGC,8/8/2025 13:03,234.35,234.44,234.35,234.35,6600
ONGC,8/8/2025 13:04,234.37,234.49,234.34,234.41,5160
ONGC,8/8/2025 13:05,234.41,234.42,234.34,234.34,4015
ONGC,8/8/2025 13:06,234.35,234.44,234.3,234.42,14480
ONGC,8/8/2025 13:07,234.42,234.44,234.2,234.2,3772
ONGC,8/8/2025 13:08,234.13,234.22,234.02,234.19,15191
ONGC,8/8/2025 13:09,234.19,234.22,234.08,234.2,4381
ONGC,8/8/2025 13:10,234.21,234.22,234.02,234.05,2219
ONGC,8/8/2025 13:11,234.05,234.14,234,234.05,3623
ONGC,8/8/2025 13:12,234.08,234.15,234,234.11,4607
ONGC,8/8/2025 13:13,234.1,234.1,234,234,2074
ONGC,8/8/2025 13:14,234.05,234.05,233.9,233.9,3165
ONGC,8/8/2025 13:15,233.94,234.2,233.9,234.2,5163
ONGC,8/8/2025 13:16,234.22,234.29,234.08,234.14,3563
ONGC,8/8/2025 13:17,234.26,234.29,234.06,234.15,2719
ONGC,8/8/2025 13:18,234.05,234.16,234,234.01,3585
ONGC,8/8/2025 13:19,234.01,234.16,234,234.1,3391
ONGC,8/8/2025 13:20,234.09,234.22,234,234.2,8317
ONGC,8/8/2025 13:21,234.2,234.23,234.11,234.15,2894
ONGC,8/8/2025 13:22,234.15,234.18,234.05,234.1,3323
ONGC,8/8/2025 13:23,234.08,234.18,234,234.01,1995
ONGC,8/8/2025 13:24,234.02,234.15,233.99,234.1,5692
ONGC,8/8/2025 13:25,234.01,234.09,233.92,233.92,1923
ONGC,8/8/2025 13:26,233.92,234.01,233.9,233.95,2808
ONGC,8/8/2025 13:27,233.98,233.98,233.9,233.91,4478
ONGC,8/8/2025 13:28,233.9,233.91,233.75,233.82,9791
ONGC,8/8/2025 13:29,233.82,233.84,233.76,233.84,3147
ONGC,8/8/2025 13:30,233.79,233.84,233.71,233.78,11093
ONGC,8/8/2025 13:31,233.9,233.97,233.78,233.93,2718
ONGC,8/8/2025 13:32,233.97,234.01,233.91,234.01,4642
ONGC,8/8/2025 13:33,234.01,234.01,233.8,233.91,4703
ONGC,8/8/2025 13:34,233.91,233.98,233.8,233.96,2396
ONGC,8/8/2025 13:35,233.88,234.11,233.84,233.84,8744
ONGC,8/8/2025 13:36,234.01,234.03,233.89,233.92,2977
ONGC,8/8/2025 13:37,233.92,233.97,233.83,233.92,4682
ONGC,8/8/2025 13:38,233.92,234,233.83,233.91,2743
ONGC,8/8/2025 13:39,233.99,234.03,233.86,233.87,2407
ONGC,8/8/2025 13:40,233.97,233.99,233.83,233.94,2313
ONGC,8/8/2025 13:41,233.94,233.99,233.82,233.89,2307
ONGC,8/8/2025 13:42,233.98,234.03,233.89,234.01,4839
ONGC,8/8/2025 13:43,234,234.09,233.98,234.08,3809
ONGC,8/8/2025 13:44,234.08,234.17,234.01,234.03,2313
ONGC,8/8/2025 13:45,234.08,234.29,233.89,234.15,11747
ONGC,8/8/2025 13:46,234.13,234.16,233.89,234.03,5414
ONGC,8/8/2025 13:47,234.03,234.07,233.81,233.86,5355
ONGC,8/8/2025 13:48,233.9,233.99,233.68,233.98,27295
ONGC,8/8/2025 13:49,233.98,233.98,233.85,233.88,2107
ONGC,8/8/2025 13:50,233.88,233.9,233.75,233.88,3955
ONGC,8/8/2025 13:51,233.85,233.9,233.73,233.9,13471
ONGC,8/8/2025 13:52,233.85,233.9,233.76,233.76,2244
ONGC,8/8/2025 13:53,233.81,233.83,233.76,233.76,2381
ONGC,8/8/2025 13:54,233.81,233.81,233.72,233.72,4193
ONGC,8/8/2025 13:55,233.72,233.74,233.65,233.65,2167
ONGC,8/8/2025 13:56,233.65,233.75,233.65,233.75,2043
ONGC,8/8/2025 13:57,233.82,233.82,233.65,233.74,2731
ONGC,8/8/2025 13:58,233.74,233.74,233.68,233.7,2118
ONGC,8/8/2025 13:59,233.7,233.75,233.64,233.7,11791
ONGC,8/8/2025 14:00,233.7,233.82,233.64,233.81,8578
ONGC,8/8/2025 14:01,233.82,233.84,233.71,233.84,6185
ONGC,8/8/2025 14:02,233.81,233.89,233.66,233.69,22110
ONGC,8/8/2025 14:03,233.69,233.75,233.63,233.63,11286
ONGC,8/8/2025 14:04,233.62,233.72,233.56,233.63,11036
ONGC,8/8/2025 14:05,233.64,233.7,233.52,233.52,10343
ONGC,8/8/2025 14:06,233.59,233.59,233.51,233.55,6965
ONGC,8/8/2025 14:07,233.53,233.59,233.4,233.46,16201
ONGC,8/8/2025 14:08,233.46,233.49,233.35,233.46,2155
ONGC,8/8/2025 14:09,233.38,233.5,233.36,233.37,1620
ONGC,8/8/2025 14:10,233.37,233.43,233.36,233.36,3248
ONGC,8/8/2025 14:11,233.38,233.39,233.32,233.38,7346
ONGC,8/8/2025 14:12,233.3,233.4,233.06,233.09,25358
ONGC,8/8/2025 14:13,233.09,233.35,233.09,233.31,23973
ONGC,8/8/2025 14:14,233.25,233.33,233.16,233.24,3325
ONGC,8/8/2025 14:15,233.33,233.35,233.21,233.31,3126
ONGC,8/8/2025 14:16,233.31,233.57,233.2,233.48,12461
ONGC,8/8/2025 14:17,233.52,233.61,233.48,233.53,21417
ONGC,8/8/2025 14:18,233.53,233.66,233.53,233.66,8673
ONGC,8/8/2025 14:19,233.65,233.69,233.6,233.65,4761
ONGC,8/8/2025 14:20,233.65,233.68,233.54,233.63,4704
ONGC,8/8/2025 14:21,233.56,233.68,233.54,233.55,6727
ONGC,8/8/2025 14:22,233.55,233.7,233.5,233.63,6652
ONGC,8/8/2025 14:23,233.68,233.69,233.53,233.61,4395
ONGC,8/8/2025 14:24,233.6,233.6,233.43,233.45,5035
ONGC,8/8/2025 14:25,233.5,233.52,233.41,233.48,2666
ONGC,8/8/2025 14:26,233.4,233.52,233.4,233.52,5731
ONGC,8/8/2025 14:27,233.45,233.49,233.4,233.44,8642
ONGC,8/8/2025 14:28,233.41,233.44,233.22,233.28,13484
ONGC,8/8/2025 14:29,233.28,233.38,233.25,233.26,16398
ONGC,8/8/2025 14:30,233.37,233.39,233.26,233.33,4125
ONGC,8/8/2025 14:31,233.33,233.36,233.25,233.25,12770
ONGC,8/8/2025 14:32,233.35,233.36,233.11,233.36,51348
ONGC,8/8/2025 14:33,233.34,233.58,233.28,233.55,21763
ONGC,8/8/2025 14:34,233.55,233.58,233.39,233.5,4089
ONGC,8/8/2025 14:35,233.58,233.62,233.41,233.54,8613
ONGC,8/8/2025 14:36,233.59,233.59,233.44,233.56,5496
ONGC,8/8/2025 14:37,233.56,233.59,233.46,233.51,4051
ONGC,8/8/2025 14:38,233.51,233.57,233.4,233.52,2621
ONGC,8/8/2025 14:39,233.52,233.58,233.45,233.55,2574
ONGC,8/8/2025 14:40,233.45,233.59,233.43,233.56,3338
ONGC,8/8/2025 14:41,233.56,233.59,233.46,233.55,1879
ONGC,8/8/2025 14:42,233.56,233.7,233.54,233.66,12086
ONGC,8/8/2025 14:43,233.66,233.7,233.55,233.7,2996
ONGC,8/8/2025 14:44,233.66,233.7,233.51,233.51,2471
ONGC,8/8/2025 14:45,233.57,233.64,233.52,233.61,2684
ONGC,8/8/2025 14:46,233.61,233.65,233.45,233.46,4783
ONGC,8/8/2025 14:47,233.46,233.59,233.39,233.55,3789
ONGC,8/8/2025 14:48,233.55,233.59,233.46,233.56,3665
ONGC,8/8/2025 14:49,233.56,233.59,233.5,233.59,3935
ONGC,8/8/2025 14:50,233.59,233.65,233.51,233.59,3040
ONGC,8/8/2025 14:51,233.65,233.66,233.51,233.59,3944
ONGC,8/8/2025 14:52,233.66,233.66,233.5,233.65,4558
ONGC,8/8/2025 14:53,233.65,233.66,233.47,233.6,12514
ONGC,8/8/2025 14:54,233.6,233.64,233.5,233.61,6075
ONGC,8/8/2025 14:55,233.61,233.65,233.53,233.62,4085
ONGC,8/8/2025 14:56,233.61,233.65,233.49,233.65,8494
ONGC,8/8/2025 14:57,233.65,233.65,233.49,233.61,18017
ONGC,8/8/2025 14:58,233.63,233.66,233.52,233.61,7301
ONGC,8/8/2025 14:59,233.61,233.62,233.47,233.61,9042
ONGC,8/8/2025 15:00,233.61,233.61,233.24,233.43,65286
ONGC,8/8/2025 15:01,233.46,233.51,233.26,233.51,19094
ONGC,8/8/2025 15:02,233.51,233.62,233.51,233.59,16279
ONGC,8/8/2025 15:03,233.62,233.62,233.5,233.6,23066
ONGC,8/8/2025 15:04,233.51,233.58,233.51,233.57,16929
ONGC,8/8/2025 15:05,233.52,233.6,233.51,233.52,19149
ONGC,8/8/2025 15:06,233.51,233.88,233.51,233.74,272120
ONGC,8/8/2025 15:07,233.74,233.95,233.74,233.84,23171
ONGC,8/8/2025 15:08,233.83,233.85,233.71,233.83,18530
ONGC,8/8/2025 15:09,233.82,233.82,233.68,233.72,15207
ONGC,8/8/2025 15:10,233.75,233.77,233.61,233.67,26801
ONGC,8/8/2025 15:11,233.67,233.69,233.31,233.36,40212
ONGC,8/8/2025 15:12,233.36,233.36,233.12,233.19,26792
ONGC,8/8/2025 15:13,233.16,233.19,233.05,233.05,19871
ONGC,8/8/2025 15:14,233.11,233.19,233.03,233.1,24809
ONGC,8/8/2025 15:15,233.1,233.22,233,233.1,31529
ONGC,8/8/2025 15:16,233.08,233.12,233,233.04,29051
ONGC,8/8/2025 15:17,233.01,233.01,232.8,232.85,45868
ONGC,8/8/2025 15:18,232.85,232.85,232.68,232.79,37608
ONGC,8/8/2025 15:19,232.75,232.79,232.71,232.75,9327
ONGC,8/8/2025 15:20,232.75,232.93,232.74,232.89,39995
ONGC,8/8/2025 15:21,232.85,233,232.85,232.99,18496
ONGC,8/8/2025 15:22,232.97,233.03,232.97,233.03,19549
ONGC,8/8/2025 15:23,233.03,233.05,232.99,233.05,27724
ONGC,8/8/2025 15:24,233.05,233.22,233.04,233.17,62431
ONGC,8/8/2025 15:25,233.17,233.35,233.12,233.31,38243
ONGC,8/8/2025 15:26,233.33,233.48,233.28,233.32,43162
ONGC,8/8/2025 15:27,233.34,233.43,233.14,233.14,45280
ONGC,8/8/2025 15:28,233.2,233.41,233,233.33,30589
ONGC,8/8/2025 15:29,233.32,233.32,232.9,233.2,12418
POWERGRID,8/8/2025 9:16,285.15,285.45,284.9,285.4,25048
POWERGRID,8/8/2025 9:17,285.4,285.55,284.7,284.95,20480
POWERGRID,8/8/2025 9:18,284.95,285.55,284.85,285.5,7938
POWERGRID,8/8/2025 9:19,285.5,285.55,285.4,285.5,13041
POWERGRID,8/8/2025 9:20,285.5,285.9,285.45,285.9,20876
POWERGRID,8/8/2025 9:21,285.9,286.25,285.75,285.85,31868
POWERGRID,8/8/2025 9:22,285.75,285.95,285.65,285.8,15176
POWERGRID,8/8/2025 9:23,285.75,285.9,285.7,285.8,7213
POWERGRID,8/8/2025 9:24,285.8,285.8,285.5,285.55,5206
POWERGRID,8/8/2025 9:25,285.5,285.65,285.4,285.55,9034
POWERGRID,8/8/2025 9:26,285.55,286,285.55,286,9834
POWERGRID,8/8/2025 9:27,285.95,286,285.8,285.9,82442
POWERGRID,8/8/2025 9:28,285.9,285.95,285.6,285.7,11904
POWERGRID,8/8/2025 9:29,285.75,285.9,285.65,285.7,9219
POWERGRID,8/8/2025 9:30,285.75,285.75,285.25,285.35,6322
POWERGRID,8/8/2025 9:31,285.2,285.35,284.85,285,21436
POWERGRID,8/8/2025 9:32,285,285.05,284.9,284.95,11036
POWERGRID,8/8/2025 9:33,284.95,285.45,284.9,285.05,26687
POWERGRID,8/8/2025 9:34,285.05,285.15,284.9,285,10874
POWERGRID,8/8/2025 9:35,285,285,284.75,284.75,9386
POWERGRID,8/8/2025 9:36,284.75,284.85,284.65,284.85,8807
POWERGRID,8/8/2025 9:37,284.85,284.95,284.85,284.95,1946
POWERGRID,8/8/2025 9:38,284.95,285.15,284.8,284.85,26190
POWERGRID,8/8/2025 9:39,284.85,284.85,284.65,284.8,5201
POWERGRID,8/8/2025 9:40,284.7,284.75,284.7,284.75,2149
POWERGRID,8/8/2025 9:41,284.75,284.8,284.65,284.7,7827
POWERGRID,8/8/2025 9:42,284.7,284.7,284.7,284.7,2972
POWERGRID,8/8/2025 9:43,284.7,284.75,284.65,284.7,4776
POWERGRID,8/8/2025 9:44,284.7,284.7,284.65,284.7,2180
POWERGRID,8/8/2025 9:45,284.7,284.7,284.35,284.65,14031
POWERGRID,8/8/2025 9:46,284.65,284.65,284.45,284.45,1459
POWERGRID,8/8/2025 9:47,284.45,284.45,284.25,284.25,8400
POWERGRID,8/8/2025 9:48,284.35,284.35,284.25,284.3,2183
POWERGRID,8/8/2025 9:49,284.3,284.3,284.05,284.05,11213
POWERGRID,8/8/2025 9:50,284,284.05,284,284.05,5614
POWERGRID,8/8/2025 9:51,284.05,284.4,284.05,284.35,9249
POWERGRID,8/8/2025 9:52,284.4,284.55,284.4,284.5,5836
POWERGRID,8/8/2025 9:53,284.55,284.55,284.5,284.5,2068
POWERGRID,8/8/2025 9:54,284.5,284.65,284.5,284.65,4988
POWERGRID,8/8/2025 9:55,284.6,284.65,284.45,284.55,2413
POWERGRID,8/8/2025 9:56,284.55,284.55,284.25,284.35,2920
POWERGRID,8/8/2025 9:57,284.35,284.5,284.25,284.5,6254
POWERGRID,8/8/2025 9:58,284.45,284.55,284.4,284.55,2874
POWERGRID,8/8/2025 9:59,284.55,284.6,284.5,284.5,5676
POWERGRID,8/8/2025 10:00,284.5,284.6,284.5,284.55,3029
POWERGRID,8/8/2025 10:01,284.55,284.55,284.3,284.4,4092
POWERGRID,8/8/2025 10:02,284.4,284.4,284.3,284.35,1907
POWERGRID,8/8/2025 10:03,284.3,284.4,284.15,284.35,8680
POWERGRID,8/8/2025 10:04,284.3,284.7,284.3,284.5,12936
POWERGRID,8/8/2025 10:05,284.5,284.65,284.4,284.45,5985
POWERGRID,8/8/2025 10:06,284.45,284.5,284.4,284.4,4468
POWERGRID,8/8/2025 10:07,284.55,284.6,284.35,284.4,4773
POWERGRID,8/8/2025 10:08,284.45,284.5,284.3,284.5,8818
POWERGRID,8/8/2025 10:09,284.55,284.55,284.4,284.5,3554
POWERGRID,8/8/2025 10:10,284.45,284.55,284.35,284.4,4500
POWERGRID,8/8/2025 10:11,284.4,284.6,284.4,284.6,3975
POWERGRID,8/8/2025 10:12,284.65,284.65,284.5,284.5,6942
POWERGRID,8/8/2025 10:13,284.45,284.55,284.4,284.55,5322
POWERGRID,8/8/2025 10:14,284.55,284.6,284.35,284.5,4252
POWERGRID,8/8/2025 10:15,284.5,284.55,284.45,284.55,5507
POWERGRID,8/8/2025 10:16,284.55,284.65,284.55,284.65,7440
POWERGRID,8/8/2025 10:17,284.65,284.7,284.6,284.65,4962
POWERGRID,8/8/2025 10:18,284.65,284.85,284.65,284.75,5476
POWERGRID,8/8/2025 10:19,284.75,284.85,284.7,284.85,2885
POWERGRID,8/8/2025 10:20,284.85,284.9,284.65,284.7,9801
POWERGRID,8/8/2025 10:21,284.7,284.8,284.6,284.75,6800
POWERGRID,8/8/2025 10:22,284.8,284.8,284.6,284.6,7823
POWERGRID,8/8/2025 10:23,284.6,284.65,284.5,284.6,6486
POWERGRID,8/8/2025 10:24,284.6,284.75,284.5,284.75,5665
POWERGRID,8/8/2025 10:25,284.75,284.8,284.65,284.75,6084
POWERGRID,8/8/2025 10:26,284.8,284.95,284.8,284.95,5883
POWERGRID,8/8/2025 10:27,284.95,284.95,284.8,284.85,7381
POWERGRID,8/8/2025 10:28,284.85,284.85,284.65,284.7,3766
POWERGRID,8/8/2025 10:29,284.6,284.6,284.5,284.6,6936
POWERGRID,8/8/2025 10:30,284.6,284.65,284.55,284.65,3204
POWERGRID,8/8/2025 10:31,284.65,284.65,284.4,284.4,4689
POWERGRID,8/8/2025 10:32,284.4,284.4,284.15,284.2,8869
POWERGRID,8/8/2025 10:33,284.3,284.45,284.3,284.4,6957
POWERGRID,8/8/2025 10:34,284.45,284.45,284.2,284.3,5977
POWERGRID,8/8/2025 10:35,284.3,284.35,284.2,284.35,3532
POWERGRID,8/8/2025 10:36,284.4,284.4,284.25,284.35,5269
POWERGRID,8/8/2025 10:37,284.35,284.5,284.25,284.4,4714
POWERGRID,8/8/2025 10:38,284.4,284.55,284.4,284.55,3485
POWERGRID,8/8/2025 10:39,284.55,284.55,284.3,284.3,6100
POWERGRID,8/8/2025 10:40,284.3,284.4,284.3,284.4,3719
POWERGRID,8/8/2025 10:41,284.4,284.6,284.4,284.55,6853
POWERGRID,8/8/2025 10:42,284.6,284.65,284.5,284.5,4093
POWERGRID,8/8/2025 10:43,284.55,284.65,284.4,284.4,5083
POWERGRID,8/8/2025 10:44,284.4,284.5,284.3,284.35,8734
POWERGRID,8/8/2025 10:45,284.3,284.35,284.2,284.35,3508
POWERGRID,8/8/2025 10:46,284.3,284.4,284.2,284.35,2894
POWERGRID,8/8/2025 10:47,284.35,284.35,284.15,284.3,4795
POWERGRID,8/8/2025 10:48,284.3,284.35,284.1,284.2,4176
POWERGRID,8/8/2025 10:49,284.2,284.25,284.1,284.2,4057
POWERGRID,8/8/2025 10:50,284.25,284.25,284.1,284.25,8202
POWERGRID,8/8/2025 10:51,284.2,284.3,284.2,284.3,4943
POWERGRID,8/8/2025 10:52,284.3,284.4,284.2,284.4,3743
POWERGRID,8/8/2025 10:53,284.4,284.5,284.35,284.45,5136
POWERGRID,8/8/2025 10:54,284.45,284.5,284.3,284.35,3911
POWERGRID,8/8/2025 10:55,284.3,284.5,284.3,284.35,4317
POWERGRID,8/8/2025 10:56,284.4,284.45,284.2,284.25,5414
POWERGRID,8/8/2025 10:57,284.25,284.25,284.15,284.15,5283
POWERGRID,8/8/2025 10:58,284.2,284.25,284.1,284.25,3848
POWERGRID,8/8/2025 10:59,284.25,284.25,283.75,283.95,43069
POWERGRID,8/8/2025 11:00,283.95,284.15,283.95,284.15,3572
POWERGRID,8/8/2025 11:01,284.15,284.25,284.15,284.25,4731
POWERGRID,8/8/2025 11:02,284.3,284.5,284.2,284.4,11231
POWERGRID,8/8/2025 11:03,284.4,284.5,284.25,284.5,7466
POWERGRID,8/8/2025 11:04,284.5,284.6,284.45,284.5,5279
POWERGRID,8/8/2025 11:05,284.5,284.5,284.35,284.4,4413
POWERGRID,8/8/2025 11:06,284.35,284.4,284.35,284.4,3991
POWERGRID,8/8/2025 11:07,284.4,284.45,284.35,284.45,4017
POWERGRID,8/8/2025 11:08,284.45,284.5,284.4,284.5,4103
POWERGRID,8/8/2025 11:09,284.5,284.55,284.45,284.55,3189
POWERGRID,8/8/2025 11:10,284.55,284.6,284.45,284.6,7695
POWERGRID,8/8/2025 11:11,284.6,284.7,284.6,284.7,3011
POWERGRID,8/8/2025 11:12,284.7,284.7,284.5,284.65,3936
POWERGRID,8/8/2025 11:13,284.6,284.7,284.6,284.7,3549
POWERGRID,8/8/2025 11:14,284.7,284.7,284.55,284.65,4264
POWERGRID,8/8/2025 11:15,284.65,284.8,284.65,284.75,4188
POWERGRID,8/8/2025 11:16,284.75,284.85,284.7,284.85,5722
POWERGRID,8/8/2025 11:17,284.85,284.95,284.8,284.85,4412
POWERGRID,8/8/2025 11:18,284.85,284.9,284.8,284.85,4915
POWERGRID,8/8/2025 11:19,284.95,284.95,284.8,284.95,7206
POWERGRID,8/8/2025 11:20,284.95,285,284.9,284.95,5464
POWERGRID,8/8/2025 11:21,285,285,284.95,284.95,5912
POWERGRID,8/8/2025 11:22,284.95,285,284.9,284.95,6166
POWERGRID,8/8/2025 11:23,284.95,284.95,284.65,284.7,20708
POWERGRID,8/8/2025 11:24,284.7,284.8,284.65,284.8,4262
POWERGRID,8/8/2025 11:25,284.8,285,284.75,284.85,15098
POWERGRID,8/8/2025 11:26,284.9,285,284.85,284.95,4785
POWERGRID,8/8/2025 11:27,285,285,284.85,284.9,3166
POWERGRID,8/8/2025 11:28,284.85,284.9,284.75,284.85,4352
POWERGRID,8/8/2025 11:29,284.9,284.9,284.85,284.85,2709
POWERGRID,8/8/2025 11:30,284.9,284.9,284.8,284.85,4614
POWERGRID,8/8/2025 11:31,284.85,284.9,284.75,284.85,3525
POWERGRID,8/8/2025 11:32,284.85,284.85,284.75,284.85,3405
POWERGRID,8/8/2025 11:33,284.8,284.95,284.65,284.95,8407
POWERGRID,8/8/2025 11:34,284.9,284.95,284.8,284.95,8711
POWERGRID,8/8/2025 11:35,284.95,285,284.8,284.85,10290
POWERGRID,8/8/2025 11:36,284.9,284.95,284.75,284.85,4035
POWERGRID,8/8/2025 11:37,284.85,284.9,284.75,284.85,3779
POWERGRID,8/8/2025 11:38,284.85,284.85,284.65,284.75,4733
POWERGRID,8/8/2025 11:39,284.75,284.8,284.7,284.8,2733
POWERGRID,8/8/2025 11:40,284.8,284.85,284.7,284.8,3586
POWERGRID,8/8/2025 11:41,284.8,284.9,284.75,284.85,4898
POWERGRID,8/8/2025 11:42,284.85,284.9,284.75,284.9,4291
POWERGRID,8/8/2025 11:43,284.85,285,284.7,284.95,9223
POWERGRID,8/8/2025 11:44,284.95,284.95,284.75,284.9,3676
POWERGRID,8/8/2025 11:45,284.9,284.95,284.85,284.85,4203
POWERGRID,8/8/2025 11:46,284.85,284.95,284.85,284.9,3532
POWERGRID,8/8/2025 11:47,284.95,285,284.85,285,104249
POWERGRID,8/8/2025 11:48,285,285.3,284.85,284.95,262918
POWERGRID,8/8/2025 11:49,284.9,284.9,284.65,284.7,5750
POWERGRID,8/8/2025 11:50,284.65,284.7,284.6,284.65,4340
POWERGRID,8/8/2025 11:51,284.7,284.75,284.6,284.7,3686
POWERGRID,8/8/2025 11:52,284.7,284.75,284.4,284.55,345973
POWERGRID,8/8/2025 11:53,284.55,284.55,284.4,284.45,8160
POWERGRID,8/8/2025 11:54,284.4,284.45,284.35,284.4,4379
POWERGRID,8/8/2025 11:55,284.45,284.6,284.4,284.6,5504
POWERGRID,8/8/2025 11:56,284.55,284.55,284.4,284.45,3886
POWERGRID,8/8/2025 11:57,284.5,284.6,284.4,284.4,3924
POWERGRID,8/8/2025 11:58,284.45,284.45,284.05,284.25,46989
POWERGRID,8/8/2025 11:59,284.3,284.4,284.25,284.35,4975
POWERGRID,8/8/2025 12:00,284.4,284.4,284.25,284.3,3237
POWERGRID,8/8/2025 12:01,284.35,284.35,284.2,284.3,5497
POWERGRID,8/8/2025 12:02,284.25,284.3,284.15,284.15,7167
POWERGRID,8/8/2025 12:03,284.15,284.15,284.1,284.1,4320
POWERGRID,8/8/2025 12:04,284.15,284.2,284.05,284.2,5707
POWERGRID,8/8/2025 12:05,284.2,284.2,284,284.15,13109
POWERGRID,8/8/2025 12:06,284.2,284.2,284.1,284.15,3486
POWERGRID,8/8/2025 12:07,284.2,284.2,284.1,284.15,3857
POWERGRID,8/8/2025 12:08,284.2,284.2,284.15,284.15,3747
POWERGRID,8/8/2025 12:09,284.2,284.2,284.1,284.2,6148
POWERGRID,8/8/2025 12:10,284.15,284.2,284,284.05,5688
POWERGRID,8/8/2025 12:11,284.1,284.15,284,284.15,8671
POWERGRID,8/8/2025 12:12,284.15,284.15,284.05,284.05,3246
POWERGRID,8/8/2025 12:13,284.1,284.2,284.1,284.15,2700
POWERGRID,8/8/2025 12:14,284.2,284.2,284,284.05,6307
POWERGRID,8/8/2025 12:15,284.05,284.1,283.7,283.75,26321
POWERGRID,8/8/2025 12:16,283.8,283.8,283.7,283.7,7144
POWERGRID,8/8/2025 12:17,283.7,283.8,283.7,283.8,4988
POWERGRID,8/8/2025 12:18,283.8,283.8,283.65,283.65,5642
POWERGRID,8/8/2025 12:19,283.65,284.05,283.6,283.95,16763
POWERGRID,8/8/2025 12:20,283.95,284.05,283.75,283.8,5065
POWERGRID,8/8/2025 12:21,283.8,283.85,283.6,283.65,5435
POWERGRID,8/8/2025 12:22,283.65,283.7,283.6,283.65,3489
POWERGRID,8/8/2025 12:23,283.65,283.85,283.65,283.8,6297
POWERGRID,8/8/2025 12:24,283.8,283.8,283.7,283.8,5030
POWERGRID,8/8/2025 12:25,283.75,283.85,283.7,283.7,5199
POWERGRID,8/8/2025 12:26,283.7,283.9,283.7,283.9,3541
POWERGRID,8/8/2025 12:27,283.85,283.9,283.8,283.9,4289
POWERGRID,8/8/2025 12:28,283.9,284,283.8,283.95,11932
POWERGRID,8/8/2025 12:29,283.9,284,283.9,283.9,8384
POWERGRID,8/8/2025 12:30,283.9,283.95,283.9,283.95,6363
POWERGRID,8/8/2025 12:31,283.9,284,283.9,284,5235
POWERGRID,8/8/2025 12:32,283.95,284.1,283.9,284.1,7874
POWERGRID,8/8/2025 12:33,284.05,284.15,284.05,284.05,6641
POWERGRID,8/8/2025 12:34,284.05,284.1,284,284.1,5059
POWERGRID,8/8/2025 12:35,284.1,284.2,284,284.05,5012
POWERGRID,8/8/2025 12:36,284,284.1,284,284.05,6542
POWERGRID,8/8/2025 12:37,284.05,284.15,284,284.05,7363
POWERGRID,8/8/2025 12:38,284.05,284.1,284,284.1,5628
POWERGRID,8/8/2025 12:39,284.05,284.15,284,284.15,23711
POWERGRID,8/8/2025 12:40,284.1,284.15,284.1,284.15,6767
POWERGRID,8/8/2025 12:41,284.1,284.35,284.1,284.35,9674
POWERGRID,8/8/2025 12:42,284.3,284.4,284.15,284.15,7264
POWERGRID,8/8/2025 12:43,284.25,284.35,284.25,284.35,6178
POWERGRID,8/8/2025 12:44,284.3,284.4,284.3,284.4,5500
POWERGRID,8/8/2025 12:45,284.35,284.5,284.35,284.5,10254
POWERGRID,8/8/2025 12:46,284.5,284.5,284.4,284.5,6711
POWERGRID,8/8/2025 12:47,284.45,284.6,284.45,284.6,4592
POWERGRID,8/8/2025 12:48,284.6,284.6,284.5,284.55,4885
POWERGRID,8/8/2025 12:49,284.5,284.65,284.5,284.5,3968
POWERGRID,8/8/2025 12:50,284.55,284.75,284.55,284.75,12102
POWERGRID,8/8/2025 12:51,284.65,284.85,284.65,284.8,7893
POWERGRID,8/8/2025 12:52,284.7,284.85,284.7,284.75,5007
POWERGRID,8/8/2025 12:53,284.75,284.9,284.75,284.9,2401
POWERGRID,8/8/2025 12:54,284.85,285,284.85,285,36556
POWERGRID,8/8/2025 12:55,284.95,285,284.85,285,23678
POWERGRID,8/8/2025 12:56,284.9,285.25,284.9,285.25,138030
POWERGRID,8/8/2025 12:57,285.2,285.25,285.15,285.25,6344
POWERGRID,8/8/2025 12:58,285.2,285.2,285,285,19393
POWERGRID,8/8/2025 12:59,285,285.2,285,285.15,18808
POWERGRID,8/8/2025 13:00,285.15,285.3,285.1,285.2,7636
POWERGRID,8/8/2025 13:01,285.15,285.3,285,285,115246
POWERGRID,8/8/2025 13:02,285,285.1,285,285.1,222298
POWERGRID,8/8/2025 13:03,285.05,285.1,284.7,284.9,175484
POWERGRID,8/8/2025 13:04,284.85,284.9,284.8,284.8,4930
POWERGRID,8/8/2025 13:05,284.8,284.9,284.8,284.9,4393
POWERGRID,8/8/2025 13:06,284.85,284.9,284.85,284.85,3585
POWERGRID,8/8/2025 13:07,284.85,284.9,284.55,284.65,3930
POWERGRID,8/8/2025 13:08,284.55,284.7,284.25,284.65,29526
POWERGRID,8/8/2025 13:09,284.6,284.75,284.6,284.75,3929
POWERGRID,8/8/2025 13:10,284.7,284.8,284.7,284.8,5591
POWERGRID,8/8/2025 13:11,284.75,284.9,284.75,284.9,4234
POWERGRID,8/8/2025 13:12,284.85,284.95,284.85,284.95,5706
POWERGRID,8/8/2025 13:13,284.95,284.95,284.65,284.75,4741
POWERGRID,8/8/2025 13:14,284.7,284.75,284.65,284.75,3030
POWERGRID,8/8/2025 13:15,284.7,284.8,284.7,284.8,4129
POWERGRID,8/8/2025 13:16,284.75,284.95,284.75,284.95,3752
POWERGRID,8/8/2025 13:17,284.9,285,284.9,285,6154
POWERGRID,8/8/2025 13:18,284.9,284.95,284.8,284.95,5936
POWERGRID,8/8/2025 13:19,284.85,285,284.8,285,4126
POWERGRID,8/8/2025 13:20,285,285,284.9,284.95,3648
POWERGRID,8/8/2025 13:21,284.95,285,284.85,284.9,6250
POWERGRID,8/8/2025 13:22,284.9,284.95,284.8,284.85,4915
POWERGRID,8/8/2025 13:23,284.8,284.9,284.75,284.85,2452
POWERGRID,8/8/2025 13:24,284.8,284.95,284.8,284.95,5114
POWERGRID,8/8/2025 13:25,284.9,285,284.85,284.85,4564
POWERGRID,8/8/2025 13:26,284.85,284.85,284.7,284.75,3950
POWERGRID,8/8/2025 13:27,284.75,284.8,284.7,284.8,3966
POWERGRID,8/8/2025 13:28,284.75,284.8,284.65,284.7,4275
POWERGRID,8/8/2025 13:29,284.65,284.7,284.65,284.7,4306
POWERGRID,8/8/2025 13:30,284.7,284.7,284.65,284.7,4152
POWERGRID,8/8/2025 13:31,284.65,284.85,284.65,284.85,8720
POWERGRID,8/8/2025 13:32,284.8,285,284.8,285,4397
POWERGRID,8/8/2025 13:33,284.95,285,284.75,284.8,4436
POWERGRID,8/8/2025 13:34,284.75,284.8,284.75,284.8,3683
POWERGRID,8/8/2025 13:35,284.75,284.8,284.7,284.8,6665
POWERGRID,8/8/2025 13:36,284.75,284.9,284.75,284.9,7230
POWERGRID,8/8/2025 13:37,284.85,284.9,284.8,284.85,4304
POWERGRID,8/8/2025 13:38,284.85,284.85,284.8,284.85,4688
POWERGRID,8/8/2025 13:39,284.8,285,284.8,285,4584
POWERGRID,8/8/2025 13:40,284.95,285,284.8,284.95,4821
POWERGRID,8/8/2025 13:41,284.95,284.95,284.8,284.9,5051
POWERGRID,8/8/2025 13:42,284.85,284.9,284.85,284.9,4870
POWERGRID,8/8/2025 13:43,284.85,284.9,284.8,284.85,4727
POWERGRID,8/8/2025 13:44,284.8,285,284.75,284.85,142987
POWERGRID,8/8/2025 13:45,284.8,285.15,284.7,285.15,97801
POWERGRID,8/8/2025 13:46,285.15,285.15,285,285,6784
POWERGRID,8/8/2025 13:47,284.95,285.05,284.9,285,6896
POWERGRID,8/8/2025 13:48,285,285,284.55,284.8,24472
POWERGRID,8/8/2025 13:49,284.75,285,284.75,285,4861
POWERGRID,8/8/2025 13:50,284.95,285,284.9,284.95,5149
POWERGRID,8/8/2025 13:51,284.9,285,284.9,285,10711
POWERGRID,8/8/2025 13:52,285,285,284.95,284.95,5413
POWERGRID,8/8/2025 13:53,284.95,284.95,284.75,284.85,8018
POWERGRID,8/8/2025 13:54,284.8,284.9,284.8,284.85,4330
POWERGRID,8/8/2025 13:55,284.8,284.9,284.8,284.8,3451
POWERGRID,8/8/2025 13:56,284.75,284.8,284.6,284.7,3478
POWERGRID,8/8/2025 13:57,284.65,284.75,284.6,284.75,4737
POWERGRID,8/8/2025 13:58,284.65,284.75,284.65,284.75,2984
POWERGRID,8/8/2025 13:59,284.75,284.75,284.6,284.7,7013
POWERGRID,8/8/2025 14:00,284.65,284.9,284.55,284.85,13792
POWERGRID,8/8/2025 14:01,284.85,285,284.85,285,8964
POWERGRID,8/8/2025 14:02,284.95,285,284.95,285,7727
POWERGRID,8/8/2025 14:03,285,285,284.8,284.85,7032
POWERGRID,8/8/2025 14:04,284.8,284.95,284.75,284.9,7380
POWERGRID,8/8/2025 14:05,284.8,284.9,284.75,284.85,5560
POWERGRID,8/8/2025 14:06,284.8,284.85,284.75,284.85,4032
POWERGRID,8/8/2025 14:07,284.8,284.9,284.8,284.9,4842
POWERGRID,8/8/2025 14:08,284.8,284.9,284.8,284.85,3663
POWERGRID,8/8/2025 14:09,284.85,284.85,284.8,284.85,5133
POWERGRID,8/8/2025 14:10,284.8,284.85,284.8,284.85,10061
POWERGRID,8/8/2025 14:11,284.85,284.95,284.75,284.95,34713
POWERGRID,8/8/2025 14:12,284.9,285.25,284.8,284.85,80930
POWERGRID,8/8/2025 14:13,284.75,285.15,284.75,285,73057
POWERGRID,8/8/2025 14:14,284.9,285.3,284.8,285.3,60575
POWERGRID,8/8/2025 14:15,285.1,285.65,285.05,285.65,74685
POWERGRID,8/8/2025 14:16,285.6,285.7,285.4,285.45,36653
POWERGRID,8/8/2025 14:17,285.45,285.5,285.4,285.4,25184
POWERGRID,8/8/2025 14:18,285.4,285.5,285.4,285.5,18045
POWERGRID,8/8/2025 14:19,285.5,285.5,285.45,285.5,12219
POWERGRID,8/8/2025 14:20,285.45,285.5,285.25,285.45,34467
POWERGRID,8/8/2025 14:21,285.45,285.45,285.4,285.45,4209
POWERGRID,8/8/2025 14:22,285.4,285.4,285.25,285.3,16430
POWERGRID,8/8/2025 14:23,285.3,285.3,285.25,285.25,7407
POWERGRID,8/8/2025 14:24,285.25,285.3,285.1,285.15,9138
POWERGRID,8/8/2025 14:25,285.1,285.1,285,285.05,7516
POWERGRID,8/8/2025 14:26,285,285.25,285,285.2,33063
POWERGRID,8/8/2025 14:27,285.05,285.2,285.05,285.1,4317
POWERGRID,8/8/2025 14:28,285.05,285.1,285.05,285.1,6206
POWERGRID,8/8/2025 14:29,285.05,285.1,285,285,11931
POWERGRID,8/8/2025 14:30,285.05,285.2,285,285.2,20495
POWERGRID,8/8/2025 14:31,285,285.15,284.95,285.15,87603
POWERGRID,8/8/2025 14:32,285.15,285.15,284.95,285,22641
POWERGRID,8/8/2025 14:33,285.05,285.2,284.95,285.2,45285
POWERGRID,8/8/2025 14:34,285.2,285.4,285.2,285.4,16757
POWERGRID,8/8/2025 14:35,285.4,285.4,285.35,285.4,63513
POWERGRID,8/8/2025 14:36,285.35,285.4,285.2,285.2,13906
POWERGRID,8/8/2025 14:37,285.2,285.2,285.05,285.15,23581
POWERGRID,8/8/2025 14:38,285.15,285.3,285.15,285.3,13945
POWERGRID,8/8/2025 14:39,285.3,285.3,285.15,285.15,17511
POWERGRID,8/8/2025 14:40,285.25,285.4,285.25,285.35,12521
POWERGRID,8/8/2025 14:41,285.35,285.35,285.3,285.35,9821
POWERGRID,8/8/2025 14:42,285.35,285.4,285.35,285.4,15900
POWERGRID,8/8/2025 14:43,285.4,285.45,285.35,285.45,13644
POWERGRID,8/8/2025 14:44,285.45,285.45,285.35,285.4,17252
POWERGRID,8/8/2025 14:45,285.4,285.45,285.35,285.35,22554
POWERGRID,8/8/2025 14:46,285.35,285.35,285.1,285.15,8034
POWERGRID,8/8/2025 14:47,285.1,285.1,285,285.05,28868
POWERGRID,8/8/2025 14:48,285.05,285.15,285,285.15,15476
POWERGRID,8/8/2025 14:49,285.15,285.35,285.05,285.25,39222
POWERGRID,8/8/2025 14:50,285.25,285.25,285.05,285.1,25809
POWERGRID,8/8/2025 14:51,285.1,285.15,285,285.05,10293
POWERGRID,8/8/2025 14:52,285.05,285.05,284.95,285.05,23368
POWERGRID,8/8/2025 14:53,285,285.1,284.85,284.95,17395
POWERGRID,8/8/2025 14:54,284.95,285,284.9,285,5622
POWERGRID,8/8/2025 14:55,285,285,284.95,285,9865
POWERGRID,8/8/2025 14:56,285,285,284.85,284.95,31591
POWERGRID,8/8/2025 14:57,285,285.05,284.95,285.05,17642
POWERGRID,8/8/2025 14:58,285,285.1,284.95,285,14613
POWERGRID,8/8/2025 14:59,285,285.05,284.95,285,19026
POWERGRID,8/8/2025 15:00,284.95,285.1,284.8,285,46001
POWERGRID,8/8/2025 15:01,285,285,284.85,285,36524
POWERGRID,8/8/2025 15:02,285,285.05,284.95,285,26981
POWERGRID,8/8/2025 15:03,285,285,284.9,285,28772
POWERGRID,8/8/2025 15:04,285,285,284.9,284.95,20854
POWERGRID,8/8/2025 15:05,284.95,285,284.9,284.95,25588
POWERGRID,8/8/2025 15:06,285,285.3,284.95,285.25,65123
POWERGRID,8/8/2025 15:07,285.15,285.25,285.05,285.15,30413
POWERGRID,8/8/2025 15:08,285.15,285.15,285,285.1,33192
POWERGRID,8/8/2025 15:09,285.05,285.1,284.85,284.9,38451
POWERGRID,8/8/2025 15:10,284.85,285.05,284.8,284.85,57663
POWERGRID,8/8/2025 15:11,284.8,284.95,284.8,284.95,23855
POWERGRID,8/8/2025 15:12,284.95,284.95,284.6,284.7,31213
POWERGRID,8/8/2025 15:13,284.6,284.7,284.6,284.65,20590
POWERGRID,8/8/2025 15:14,284.7,284.7,284.6,284.7,24132
POWERGRID,8/8/2025 15:15,284.65,284.8,284.6,284.8,56367
POWERGRID,8/8/2025 15:16,284.8,284.8,284.65,284.8,25679
POWERGRID,8/8/2025 15:17,284.75,284.9,284.75,284.9,27666
POWERGRID,8/8/2025 15:18,284.9,284.9,284.85,284.9,28368
POWERGRID,8/8/2025 15:19,284.85,284.9,284.85,284.9,17993
POWERGRID,8/8/2025 15:20,284.9,285,284.85,285,56731
POWERGRID,8/8/2025 15:21,285,285,284.95,285,34420
POWERGRID,8/8/2025 15:22,284.95,285,284.95,285,39176
POWERGRID,8/8/2025 15:23,285,285,284.7,284.7,49039
POWERGRID,8/8/2025 15:24,284.7,284.7,284.55,284.55,55791
POWERGRID,8/8/2025 15:25,284.55,284.65,284.4,284.65,148506
POWERGRID,8/8/2025 15:26,284.65,284.9,284.6,284.65,31802
POWERGRID,8/8/2025 15:27,284.65,284.85,284.6,284.85,28438
POWERGRID,8/8/2025 15:28,284.95,284.95,284.65,284.8,13389
POWERGRID,8/8/2025 15:29,284.8,284.95,284.55,284.8,14687
TATAPOWER,8/8/2025 9:16,385.55,386.95,385.55,386.45,25100
TATAPOWER,8/8/2025 9:17,386.65,386.65,384.6,385.25,20380
TATAPOWER,8/8/2025 9:18,385.15,385.85,384.8,385.85,18048
TATAPOWER,8/8/2025 9:19,385.65,385.8,385.3,385.6,11257
TATAPOWER,8/8/2025 9:20,385.55,386,385.15,385.85,11021
TATAPOWER,8/8/2025 9:21,385.95,386.5,385.9,386.15,14713
TATAPOWER,8/8/2025 9:22,386.4,386.9,386.1,386.55,11957
TATAPOWER,8/8/2025 9:23,386.55,387.1,386.45,386.75,14332
TATAPOWER,8/8/2025 9:24,386.55,386.75,386.2,386.6,8696
TATAPOWER,8/8/2025 9:25,386.6,386.8,386.15,386.8,11777
TATAPOWER,8/8/2025 9:26,386.65,386.8,386.55,386.75,5889
TATAPOWER,8/8/2025 9:27,386.7,386.75,386.05,386.15,13944
TATAPOWER,8/8/2025 9:28,386.25,386.25,385.5,385.8,10160
TATAPOWER,8/8/2025 9:29,385.95,386,385.3,385.3,4529
TATAPOWER,8/8/2025 9:30,385.3,385.6,385.25,385.4,5593
TATAPOWER,8/8/2025 9:31,385.45,385.8,385.1,385.65,15085
TATAPOWER,8/8/2025 9:32,385.75,385.85,385.3,385.4,4141
TATAPOWER,8/8/2025 9:33,385.3,385.85,385.3,385.55,7152
TATAPOWER,8/8/2025 9:34,385.45,385.55,385.2,385.45,3356
TATAPOWER,8/8/2025 9:35,385.45,385.5,385.05,385.25,3720
TATAPOWER,8/8/2025 9:36,385.1,385.35,385,385.1,6809
TATAPOWER,8/8/2025 9:37,385.2,385.8,385.2,385.7,8713
TATAPOWER,8/8/2025 9:38,385.7,386.1,385.5,385.5,5586
TATAPOWER,8/8/2025 9:39,385.4,385.4,385,385.2,7595
TATAPOWER,8/8/2025 9:40,385.2,385.35,385.15,385.35,7932
TATAPOWER,8/8/2025 9:41,385.15,385.35,384.75,384.75,13457
TATAPOWER,8/8/2025 9:42,384.6,385,384.6,384.8,4363
TATAPOWER,8/8/2025 9:43,384.7,384.95,384.6,384.75,2879
TATAPOWER,8/8/2025 9:44,384.75,384.95,384.65,384.95,3043
TATAPOWER,8/8/2025 9:45,384.95,384.95,384.55,384.6,4471
TATAPOWER,8/8/2025 9:46,384.6,384.8,384.45,384.5,7446
TATAPOWER,8/8/2025 9:47,384.5,384.5,384,384.1,13739
TATAPOWER,8/8/2025 9:48,384.1,384.45,384,384.3,11319
TATAPOWER,8/8/2025 9:49,384.35,384.35,383.55,383.75,19744
TATAPOWER,8/8/2025 9:50,383.75,383.8,383.5,383.55,12938
TATAPOWER,8/8/2025 9:51,383.65,384.1,383.55,384.05,9539
TATAPOWER,8/8/2025 9:52,384,384.7,383.85,384.5,13544
TATAPOWER,8/8/2025 9:53,384.4,384.5,384.05,384.05,7618
TATAPOWER,8/8/2025 9:54,383.95,384.05,383.85,384,3733
TATAPOWER,8/8/2025 9:55,384,384.35,383.95,384.05,4548
TATAPOWER,8/8/2025 9:56,383.95,384.05,383.5,383.7,7002
TATAPOWER,8/8/2025 9:57,383.65,383.85,383.5,383.55,15050
TATAPOWER,8/8/2025 9:58,383.7,383.9,383.45,383.7,14369
TATAPOWER,8/8/2025 9:59,383.65,383.8,383.35,383.4,7500
TATAPOWER,8/8/2025 10:00,383.4,383.6,383.35,383.55,2112
TATAPOWER,8/8/2025 10:01,383.55,383.8,383.2,383.4,13478
TATAPOWER,8/8/2025 10:02,383.2,383.35,383,383.25,28714
TATAPOWER,8/8/2025 10:03,383.55,384,383.15,384,30790
TATAPOWER,8/8/2025 10:04,383.85,383.85,383.6,383.6,1468
TATAPOWER,8/8/2025 10:05,383.55,383.65,383.3,383.45,4721
TATAPOWER,8/8/2025 10:06,383.45,383.65,383.15,383.25,3058
TATAPOWER,8/8/2025 10:07,383.3,383.7,383.3,383.55,2871
TATAPOWER,8/8/2025 10:08,383.55,383.8,383.4,383.8,3676
TATAPOWER,8/8/2025 10:09,383.65,383.7,383.5,383.65,1962
TATAPOWER,8/8/2025 10:10,383.55,383.95,383.55,383.8,3667
TATAPOWER,8/8/2025 10:11,383.95,383.95,383.7,383.85,2092
TATAPOWER,8/8/2025 10:12,383.75,383.75,383.4,383.4,3460
TATAPOWER,8/8/2025 10:13,383.5,383.6,383.25,383.55,2024
TATAPOWER,8/8/2025 10:14,383.6,383.75,383.3,383.5,2479
TATAPOWER,8/8/2025 10:15,383.5,383.65,383.4,383.5,3937
TATAPOWER,8/8/2025 10:16,383.5,383.85,383.2,383.75,7774
TATAPOWER,8/8/2025 10:17,383.75,383.85,383.45,383.75,1715
TATAPOWER,8/8/2025 10:18,383.8,383.95,383.75,383.85,2415
TATAPOWER,8/8/2025 10:19,383.85,383.9,383.7,383.8,3527
TATAPOWER,8/8/2025 10:20,383.8,383.8,383.55,383.65,2528
TATAPOWER,8/8/2025 10:21,383.65,383.7,383.4,383.6,1868
TATAPOWER,8/8/2025 10:22,383.8,383.8,383.4,383.5,7326
TATAPOWER,8/8/2025 10:23,383.4,383.8,383.4,383.7,1763
TATAPOWER,8/8/2025 10:24,383.8,384.1,383.8,384.1,7039
TATAPOWER,8/8/2025 10:25,383.85,384.1,383.8,384,1708
TATAPOWER,8/8/2025 10:26,384.1,384.4,384,384.2,11300
TATAPOWER,8/8/2025 10:27,384.35,384.4,384,384.1,2388
TATAPOWER,8/8/2025 10:28,384.25,384.25,383.8,383.9,4976
TATAPOWER,8/8/2025 10:29,383.85,383.95,383.55,383.75,7806
TATAPOWER,8/8/2025 10:30,383.6,383.9,383.55,383.7,1767
TATAPOWER,8/8/2025 10:31,383.8,383.8,383.55,383.6,1860
TATAPOWER,8/8/2025 10:32,383.6,383.6,383.4,383.5,1070
TATAPOWER,8/8/2025 10:33,383.5,383.6,383.4,383.5,2827
TATAPOWER,8/8/2025 10:34,383.45,383.55,383.35,383.45,6193
TATAPOWER,8/8/2025 10:35,383.4,383.45,383.2,383.2,6004
TATAPOWER,8/8/2025 10:36,383.3,383.4,383.2,383.3,2602
TATAPOWER,8/8/2025 10:37,383.3,383.5,383.2,383.2,6288
TATAPOWER,8/8/2025 10:38,383.3,383.6,383.3,383.5,2274
TATAPOWER,8/8/2025 10:39,383.55,383.55,383.2,383.2,2209
TATAPOWER,8/8/2025 10:40,383.3,383.3,382.7,383.05,28043
TATAPOWER,8/8/2025 10:41,383.15,383.5,383.15,383.45,2766
TATAPOWER,8/8/2025 10:42,383.4,383.5,383.2,383.45,1563
TATAPOWER,8/8/2025 10:43,383.35,383.35,383,383.1,4373
TATAPOWER,8/8/2025 10:44,383.1,383.1,382.9,383.05,2473
TATAPOWER,8/8/2025 10:45,383.05,383.05,382.8,382.85,5301
TATAPOWER,8/8/2025 10:46,382.9,383.15,382.8,383,2808
TATAPOWER,8/8/2025 10:47,382.9,383.05,382.8,382.8,2949
TATAPOWER,8/8/2025 10:48,382.9,382.9,382.5,382.7,20766
TATAPOWER,8/8/2025 10:49,382.7,382.9,382.65,382.8,2038
TATAPOWER,8/8/2025 10:50,382.8,382.8,382.4,382.45,8365
TATAPOWER,8/8/2025 10:51,382.45,382.85,382.45,382.8,2697
TATAPOWER,8/8/2025 10:52,382.6,382.8,382.6,382.6,1220
TATAPOWER,8/8/2025 10:53,382.7,382.9,382.55,382.9,5203
TATAPOWER,8/8/2025 10:54,382.9,382.9,382.8,382.9,852
TATAPOWER,8/8/2025 10:55,382.85,382.9,382.8,382.8,3426
TATAPOWER,8/8/2025 10:56,382.9,382.9,382.5,382.6,9847
TATAPOWER,8/8/2025 10:57,382.7,382.7,382.5,382.6,1924
TATAPOWER,8/8/2025 10:58,382.6,382.7,382.55,382.7,1671
TATAPOWER,8/8/2025 10:59,382.65,382.7,382.5,382.65,2325
TATAPOWER,8/8/2025 11:00,382.6,382.7,382.5,382.6,7881
TATAPOWER,8/8/2025 11:01,382.5,382.65,382.5,382.65,925
TATAPOWER,8/8/2025 11:02,382.65,382.85,382.55,382.75,1887
TATAPOWER,8/8/2025 11:03,382.6,382.8,382.55,382.65,6999
TATAPOWER,8/8/2025 11:04,382.65,382.8,382.55,382.7,2437
TATAPOWER,8/8/2025 11:05,382.7,382.7,382.5,382.5,667
TATAPOWER,8/8/2025 11:06,382.5,383,382.5,382.85,4075
TATAPOWER,8/8/2025 11:07,382.95,383.4,382.95,383.35,2214
TATAPOWER,8/8/2025 11:08,383.35,383.6,383.2,383.4,2148
TATAPOWER,8/8/2025 11:09,383.3,383.5,383.1,383.2,2949
TATAPOWER,8/8/2025 11:10,383.2,383.35,383.2,383.3,771
TATAPOWER,8/8/2025 11:11,383.25,383.5,383.15,383.15,2225
TATAPOWER,8/8/2025 11:12,383.25,383.35,383.1,383.35,1917
TATAPOWER,8/8/2025 11:13,383.15,383.4,383.15,383.3,2839
TATAPOWER,8/8/2025 11:14,383.3,383.4,383,383.15,1495
TATAPOWER,8/8/2025 11:15,383.35,383.45,383.1,383.25,2923
TATAPOWER,8/8/2025 11:16,383.2,383.35,383,383,2436
TATAPOWER,8/8/2025 11:17,383.2,383.35,383,383.3,1124
TATAPOWER,8/8/2025 11:18,383.3,383.35,383.15,383.35,2053
TATAPOWER,8/8/2025 11:19,383.35,383.6,383.2,383.45,5768
TATAPOWER,8/8/2025 11:20,383.45,383.55,383.3,383.5,1767
TATAPOWER,8/8/2025 11:21,383.5,384.05,383.3,383.65,27497
TATAPOWER,8/8/2025 11:22,383.65,383.65,383.2,383.2,5930
TATAPOWER,8/8/2025 11:23,383.1,383.3,383,383.05,8292
TATAPOWER,8/8/2025 11:24,383.1,383.25,383,383.2,2819
TATAPOWER,8/8/2025 11:25,383.1,383.2,382.95,383.05,5250
TATAPOWER,8/8/2025 11:26,383.05,383.15,383,383.1,1319
TATAPOWER,8/8/2025 11:27,383.25,383.3,383,383.2,2159
TATAPOWER,8/8/2025 11:28,383,383.05,382.8,382.9,11699
TATAPOWER,8/8/2025 11:29,382.8,382.9,382.8,382.85,894
TATAPOWER,8/8/2025 11:30,382.9,382.95,382.85,382.95,1482
TATAPOWER,8/8/2025 11:31,382.95,383.05,382.85,382.85,984
TATAPOWER,8/8/2025 11:32,382.85,382.95,382.85,382.85,1025
TATAPOWER,8/8/2025 11:33,382.95,382.95,382.8,382.9,2280
TATAPOWER,8/8/2025 11:34,382.9,383.05,382.8,383,2490
TATAPOWER,8/8/2025 11:35,382.95,383.05,382.85,382.85,2368
TATAPOWER,8/8/2025 11:36,383,383.1,382.85,383.05,1353
TATAPOWER,8/8/2025 11:37,383,383,382.85,382.85,718
TATAPOWER,8/8/2025 11:38,382.85,382.9,382.5,382.55,11485
TATAPOWER,8/8/2025 11:39,382.55,382.75,382.5,382.75,2647
TATAPOWER,8/8/2025 11:40,382.6,382.8,382.5,382.55,3990
TATAPOWER,8/8/2025 11:41,382.55,382.75,382.5,382.65,1523
TATAPOWER,8/8/2025 11:42,382.75,382.9,382.65,382.8,1527
TATAPOWER,8/8/2025 11:43,382.8,382.95,382.6,382.9,2514
TATAPOWER,8/8/2025 11:44,382.9,383.05,382.65,382.75,8108
TATAPOWER,8/8/2025 11:45,382.9,382.95,382.15,382.5,31603
TATAPOWER,8/8/2025 11:46,382.3,382.5,382.3,382.5,1883
TATAPOWER,8/8/2025 11:47,382.4,382.5,382.3,382.45,1402
TATAPOWER,8/8/2025 11:48,382.3,382.45,382.3,382.45,3993
TATAPOWER,8/8/2025 11:49,382.3,382.45,382.3,382.45,2612
TATAPOWER,8/8/2025 11:50,382.3,382.5,382.3,382.5,3011
TATAPOWER,8/8/2025 11:51,382.45,382.5,382.3,382.3,2719
TATAPOWER,8/8/2025 11:52,382.5,382.5,382.35,382.45,1107
TATAPOWER,8/8/2025 11:53,382.45,382.5,382.35,382.4,2531
TATAPOWER,8/8/2025 11:54,382.4,382.5,382.35,382.5,933
TATAPOWER,8/8/2025 11:55,382.5,382.5,382.4,382.5,2624
TATAPOWER,8/8/2025 11:56,382.4,382.5,382.4,382.45,975
TATAPOWER,8/8/2025 11:57,382.5,382.5,382.35,382.35,17702
TATAPOWER,8/8/2025 11:58,382.25,382.25,382.05,382.1,9965
TATAPOWER,8/8/2025 11:59,382.1,382.35,382.05,382.3,1620
TATAPOWER,8/8/2025 12:00,382.3,382.3,382.1,382.1,2382
TATAPOWER,8/8/2025 12:01,382.1,382.2,382.1,382.1,4908
TATAPOWER,8/8/2025 12:02,382.1,382.25,381.75,381.9,47187
TATAPOWER,8/8/2025 12:03,381.9,382.1,381.9,382,5581
TATAPOWER,8/8/2025 12:04,382.1,382.1,382,382,7042
TATAPOWER,8/8/2025 12:05,382,382.1,381.8,382.1,5068
TATAPOWER,8/8/2025 12:06,382.15,382.35,382,382.35,1951
TATAPOWER,8/8/2025 12:07,382.35,382.45,382.25,382.45,904
TATAPOWER,8/8/2025 12:08,382.25,382.3,382.1,382.25,4468
TATAPOWER,8/8/2025 12:09,382.25,382.25,382,382.2,679
TATAPOWER,8/8/2025 12:10,382.05,382.15,382,382.05,873
TATAPOWER,8/8/2025 12:11,382.05,382.35,382,382.35,5285
TATAPOWER,8/8/2025 12:12,382.4,382.4,382.25,382.25,1960
TATAPOWER,8/8/2025 12:13,382.25,382.3,382.2,382.3,1236
TATAPOWER,8/8/2025 12:14,382.3,382.3,382.25,382.25,2463
TATAPOWER,8/8/2025 12:15,382.2,382.25,382.1,382.25,962
TATAPOWER,8/8/2025 12:16,382.15,382.15,382,382.1,6920
TATAPOWER,8/8/2025 12:17,382.1,382.25,382,382.25,2173
TATAPOWER,8/8/2025 12:18,382.1,382.25,382.05,382.2,946
TATAPOWER,8/8/2025 12:19,382.1,382.25,382.05,382.25,3314
TATAPOWER,8/8/2025 12:20,382.25,382.25,382,382,2571
TATAPOWER,8/8/2025 12:21,382.1,382.1,382,382.1,273
TATAPOWER,8/8/2025 12:22,382.1,382.15,382,382,1524
TATAPOWER,8/8/2025 12:23,382.1,382.1,382,382.1,682
TATAPOWER,8/8/2025 12:24,382.1,382.25,382.05,382.25,2529
TATAPOWER,8/8/2025 12:25,382.05,382.25,382,382.25,10844
TATAPOWER,8/8/2025 12:26,382.25,382.35,382.15,382.35,657
TATAPOWER,8/8/2025 12:27,382.35,382.45,382.2,382.2,1248
TATAPOWER,8/8/2025 12:28,382.25,382.4,382.15,382.2,1925
TATAPOWER,8/8/2025 12:29,382.1,382.2,382,382.15,1338
TATAPOWER,8/8/2025 12:30,382.15,382.25,382.15,382.25,1171
TATAPOWER,8/8/2025 12:31,382.25,382.3,382.2,382.3,539
TATAPOWER,8/8/2025 12:32,382.15,382.35,382.15,382.15,463
TATAPOWER,8/8/2025 12:33,382.3,382.3,382.15,382.25,1050
TATAPOWER,8/8/2025 12:34,382.15,382.15,382,382,1167
TATAPOWER,8/8/2025 12:35,382.15,382.3,382,382.2,1487
TATAPOWER,8/8/2025 12:36,382.1,382.3,382.05,382.15,702
TATAPOWER,8/8/2025 12:37,382.15,382.25,382.05,382.05,5170
TATAPOWER,8/8/2025 12:38,382.1,382.15,381.8,381.9,15282
TATAPOWER,8/8/2025 12:39,382.05,382.05,381.8,381.8,1413
TATAPOWER,8/8/2025 12:40,381.85,381.85,381.8,381.85,1863
TATAPOWER,8/8/2025 12:41,381.8,382,381.8,382,1357
TATAPOWER,8/8/2025 12:42,382,382,381.85,382,1439
TATAPOWER,8/8/2025 12:43,381.85,382,381.85,382,2083
TATAPOWER,8/8/2025 12:44,382.05,382.05,381.9,381.9,1349
TATAPOWER,8/8/2025 12:45,382,382.2,381.9,382,723
TATAPOWER,8/8/2025 12:46,382,382.15,382,382.15,1923
TATAPOWER,8/8/2025 12:47,382.05,382.25,382,382.05,2079
TATAPOWER,8/8/2025 12:48,382.2,382.35,382.2,382.35,3329
TATAPOWER,8/8/2025 12:49,382.35,382.4,382.05,382.2,1294
TATAPOWER,8/8/2025 12:50,382.3,382.4,382.3,382.35,875
TATAPOWER,8/8/2025 12:51,382.35,382.45,382.3,382.45,906
TATAPOWER,8/8/2025 12:52,382.45,382.95,382.35,382.8,11758
TATAPOWER,8/8/2025 12:53,382.8,383.05,382.8,383.05,5031
TATAPOWER,8/8/2025 12:54,383.05,383.05,382.9,383.05,14591
TATAPOWER,8/8/2025 12:55,383.05,383.45,383.05,383.45,5784
TATAPOWER,8/8/2025 12:56,383.4,383.4,383.2,383.25,1154
TATAPOWER,8/8/2025 12:57,383.25,383.25,382.95,382.95,6149
TATAPOWER,8/8/2025 12:58,382.95,383,382.8,382.95,802
TATAPOWER,8/8/2025 12:59,382.85,383,382.8,382.95,2411
TATAPOWER,8/8/2025 13:00,382.9,382.95,382.6,382.7,2864
TATAPOWER,8/8/2025 13:01,382.7,382.7,382.3,382.4,15052
TATAPOWER,8/8/2025 13:02,382.2,382.35,382.15,382.2,35928
TATAPOWER,8/8/2025 13:03,382.2,382.4,382.05,382.05,28254
TATAPOWER,8/8/2025 13:04,382.05,382.4,382,382.3,24388
TATAPOWER,8/8/2025 13:05,382.35,382.5,382.35,382.5,1499
TATAPOWER,8/8/2025 13:06,382.5,382.85,382.5,382.75,5340
TATAPOWER,8/8/2025 13:07,382.8,382.8,382.3,382.3,9376
TATAPOWER,8/8/2025 13:08,382.3,382.4,382.3,382.3,4833
TATAPOWER,8/8/2025 13:09,382.35,382.5,382.3,382.45,558
TATAPOWER,8/8/2025 13:10,382.4,382.4,382.3,382.3,5574
TATAPOWER,8/8/2025 13:11,382.3,382.35,382.15,382.2,10583
TATAPOWER,8/8/2025 13:12,382.3,382.3,382.15,382.3,7002
TATAPOWER,8/8/2025 13:13,382.3,382.3,382.15,382.25,3453
TATAPOWER,8/8/2025 13:14,382.2,382.45,382.15,382.35,15988
TATAPOWER,8/8/2025 13:15,382.2,382.5,382.2,382.5,2487
TATAPOWER,8/8/2025 13:16,382.5,382.8,382.35,382.55,22308
TATAPOWER,8/8/2025 13:17,382.75,382.85,382.4,382.5,1581
TATAPOWER,8/8/2025 13:18,382.4,382.6,382.4,382.6,8389
TATAPOWER,8/8/2025 13:19,382.55,382.85,382.55,382.75,1579
TATAPOWER,8/8/2025 13:20,382.7,383.2,382.7,383.2,9212
TATAPOWER,8/8/2025 13:21,383,383.3,383,383.25,1071
TATAPOWER,8/8/2025 13:22,383.15,383.3,383,383.2,667
TATAPOWER,8/8/2025 13:23,383.2,383.2,383,383.05,1880
TATAPOWER,8/8/2025 13:24,383.1,383.2,383,383.2,1815
TATAPOWER,8/8/2025 13:25,383.1,383.2,383.1,383.1,1599
TATAPOWER,8/8/2025 13:26,383.1,383.1,383,383.1,2386
TATAPOWER,8/8/2025 13:27,383,383.1,383,383.1,6163
TATAPOWER,8/8/2025 13:28,383.1,383.1,382.8,382.9,48200
TATAPOWER,8/8/2025 13:29,382.9,382.9,382.8,382.8,324
TATAPOWER,8/8/2025 13:30,382.8,383,382.8,383,1555
TATAPOWER,8/8/2025 13:31,382.9,383.1,382.9,383.1,8222
TATAPOWER,8/8/2025 13:32,383,383.1,383,383.1,3239
TATAPOWER,8/8/2025 13:33,383.2,383.3,383.1,383.3,4885
TATAPOWER,8/8/2025 13:34,383.05,383.2,383.05,383.2,995
TATAPOWER,8/8/2025 13:35,383.2,383.2,383.1,383.15,251
TATAPOWER,8/8/2025 13:36,383.2,383.2,383.05,383.2,1383
TATAPOWER,8/8/2025 13:37,383.2,383.2,383.15,383.2,1224
TATAPOWER,8/8/2025 13:38,383.2,383.35,383.1,383.35,12783
TATAPOWER,8/8/2025 13:39,383.3,383.45,383.1,383.35,5788
TATAPOWER,8/8/2025 13:40,383.35,383.4,383.1,383.4,1383
TATAPOWER,8/8/2025 13:41,383.35,383.35,383.1,383.15,1606
TATAPOWER,8/8/2025 13:42,383.3,383.3,383.2,383.3,778
TATAPOWER,8/8/2025 13:43,383.3,383.3,383.1,383.15,92
TATAPOWER,8/8/2025 13:44,383.25,383.3,383.1,383.25,1487
TATAPOWER,8/8/2025 13:45,383.1,383.25,383.1,383.2,1433
TATAPOWER,8/8/2025 13:46,383.2,383.2,383.1,383.1,655
TATAPOWER,8/8/2025 13:47,383.15,383.2,383.1,383.2,6379
TATAPOWER,8/8/2025 13:48,383.2,383.2,383.1,383.1,2245
TATAPOWER,8/8/2025 13:49,383.2,383.25,383.1,383.2,756
TATAPOWER,8/8/2025 13:50,383.2,383.25,383.1,383.25,2641
TATAPOWER,8/8/2025 13:51,383.2,383.8,382.65,383.4,97886
TATAPOWER,8/8/2025 13:52,383.6,383.6,383.25,383.35,2521
TATAPOWER,8/8/2025 13:53,383.35,383.45,383.15,383.35,5345
TATAPOWER,8/8/2025 13:54,383.35,383.35,383.2,383.2,305
TATAPOWER,8/8/2025 13:55,383,383.15,382.8,383,3231
TATAPOWER,8/8/2025 13:56,383,383.1,383,383.05,2158
TATAPOWER,8/8/2025 13:57,383.05,383.1,383,383.05,7802
TATAPOWER,8/8/2025 13:58,383.05,383.1,383,383.1,346
TATAPOWER,8/8/2025 13:59,383.1,383.2,383,383,535
TATAPOWER,8/8/2025 14:00,383,383.2,383,383.2,5708
TATAPOWER,8/8/2025 14:01,383.2,383.45,383.1,383.45,7566
TATAPOWER,8/8/2025 14:02,383.35,383.45,383.35,383.4,1049
TATAPOWER,8/8/2025 14:03,383.4,383.4,383.2,383.25,1142
TATAPOWER,8/8/2025 14:04,383.1,383.3,383,383,1251
TATAPOWER,8/8/2025 14:05,383,383.2,383,383,4299
TATAPOWER,8/8/2025 14:06,383.15,383.2,383,383.15,1266
TATAPOWER,8/8/2025 14:07,383.15,383.15,383,383.1,612
TATAPOWER,8/8/2025 14:08,383.1,383.1,383,383.1,1265
TATAPOWER,8/8/2025 14:09,383.1,383.2,383,383.2,4100
TATAPOWER,8/8/2025 14:10,383.05,383.2,383,383,605
TATAPOWER,8/8/2025 14:11,383.05,383.1,383,383.05,1849
TATAPOWER,8/8/2025 14:12,383,383.05,382.55,382.55,72084
TATAPOWER,8/8/2025 14:13,382.65,383,382.4,382.65,4210
TATAPOWER,8/8/2025 14:14,382.75,382.8,382.5,382.6,1419
TATAPOWER,8/8/2025 14:15,382.8,382.8,382.5,382.55,335
TATAPOWER,8/8/2025 14:16,382.55,382.8,382.55,382.7,1256
TATAPOWER,8/8/2025 14:17,382.7,382.8,382.6,382.65,493
TATAPOWER,8/8/2025 14:18,382.75,382.9,382.65,382.7,2427
TATAPOWER,8/8/2025 14:19,382.75,383,382.75,383,1159
TATAPOWER,8/8/2025 14:20,382.95,382.95,382.75,382.75,688
TATAPOWER,8/8/2025 14:21,382.95,382.95,382.7,382.8,2479
TATAPOWER,8/8/2025 14:22,382.75,382.75,382.6,382.7,445
TATAPOWER,8/8/2025 14:23,382.7,382.85,382.7,382.85,382
TATAPOWER,8/8/2025 14:24,382.85,382.85,382.7,382.75,1515
TATAPOWER,8/8/2025 14:25,382.8,382.8,382.4,382.5,3033
TATAPOWER,8/8/2025 14:26,382.4,382.65,382.4,382.4,1086
TATAPOWER,8/8/2025 14:27,382.5,382.5,382.2,382.2,4908
TATAPOWER,8/8/2025 14:28,382.2,382.3,382.15,382.25,2876
TATAPOWER,8/8/2025 14:29,382.2,382.2,382,382.15,11787
TATAPOWER,8/8/2025 14:30,382.15,382.4,381.9,382.25,4274
TATAPOWER,8/8/2025 14:31,382.4,382.5,382.1,382.3,4219
TATAPOWER,8/8/2025 14:32,382.25,382.5,382.1,382.25,1173
TATAPOWER,8/8/2025 14:33,382.4,382.6,382.15,382.6,8178
TATAPOWER,8/8/2025 14:34,382.6,382.75,382.45,382.7,2699
TATAPOWER,8/8/2025 14:35,382.55,382.85,382.5,382.85,3402
TATAPOWER,8/8/2025 14:36,382.7,382.85,382.45,382.7,4365
TATAPOWER,8/8/2025 14:37,382.45,382.85,382.45,382.7,3882
TATAPOWER,8/8/2025 14:38,382.5,382.85,382.5,382.7,4021
TATAPOWER,8/8/2025 14:39,382.8,382.9,382.5,382.75,3769
TATAPOWER,8/8/2025 14:40,382.75,382.95,382.55,382.9,7248
TATAPOWER,8/8/2025 14:41,382.75,382.95,382.65,382.65,3732
TATAPOWER,8/8/2025 14:42,382.95,383.3,382.95,383.1,17537
TATAPOWER,8/8/2025 14:43,383.25,383.25,382.8,382.8,6765
TATAPOWER,8/8/2025 14:44,382.9,383,382.5,382.65,11690
TATAPOWER,8/8/2025 14:45,382.65,382.95,382.55,382.55,4549
TATAPOWER,8/8/2025 14:46,382.55,382.75,382.45,382.55,1803
TATAPOWER,8/8/2025 14:47,382.35,382.7,382.15,382.5,29187
TATAPOWER,8/8/2025 14:48,382.5,382.7,382.5,382.6,4186
TATAPOWER,8/8/2025 14:49,382.6,382.9,382.6,382.8,4610
TATAPOWER,8/8/2025 14:50,382.8,382.9,382.5,382.65,8819
TATAPOWER,8/8/2025 14:51,382.75,382.75,382.5,382.55,32315
TATAPOWER,8/8/2025 14:52,382.5,382.6,382.5,382.55,26466
TATAPOWER,8/8/2025 14:53,382.5,382.6,381.55,381.85,35480
TATAPOWER,8/8/2025 14:54,381.95,382.15,381.9,381.9,3445
TATAPOWER,8/8/2025 14:55,381.9,382,381.85,381.85,3342
TATAPOWER,8/8/2025 14:56,381.85,381.85,381.5,381.6,10261
TATAPOWER,8/8/2025 14:57,381.55,381.7,381.1,381.35,24991
TATAPOWER,8/8/2025 14:58,381.2,381.5,381.1,381.45,4539
TATAPOWER,8/8/2025 14:59,381.35,381.5,381.25,381.4,3325
TATAPOWER,8/8/2025 15:00,381.45,381.45,381,381.2,37120
TATAPOWER,8/8/2025 15:01,381.15,381.25,381,381.15,30015
TATAPOWER,8/8/2025 15:02,381.2,381.2,381.1,381.1,4748
TATAPOWER,8/8/2025 15:03,381.15,381.15,380.8,380.85,22001
TATAPOWER,8/8/2025 15:04,380.85,381.2,380.7,380.9,35736
TATAPOWER,8/8/2025 15:05,381.05,381.1,380.85,381,5921
TATAPOWER,8/8/2025 15:06,381,381.3,381,381.15,8942
TATAPOWER,8/8/2025 15:07,381.15,381.5,381.05,381.35,40270
TATAPOWER,8/8/2025 15:08,381.35,381.35,381.05,381.1,6324
TATAPOWER,8/8/2025 15:09,381.15,381.15,380.8,380.85,13269
TATAPOWER,8/8/2025 15:10,380.8,380.9,380.5,380.6,25149
TATAPOWER,8/8/2025 15:11,380.6,380.6,380.35,380.55,10616
TATAPOWER,8/8/2025 15:12,380.55,380.55,380.15,380.45,27852
TATAPOWER,8/8/2025 15:13,380.45,380.5,380.2,380.4,14017
TATAPOWER,8/8/2025 15:14,380.4,380.4,380.05,380.15,30744
TATAPOWER,8/8/2025 15:15,380.15,380.15,379.8,379.8,50739
TATAPOWER,8/8/2025 15:16,379.8,379.9,379.25,379.45,27142
TATAPOWER,8/8/2025 15:17,379.3,379.45,379.2,379.2,36396
TATAPOWER,8/8/2025 15:18,379.2,379.25,378.85,378.95,70030
TATAPOWER,8/8/2025 15:19,378.95,379,378.65,378.8,31303
TATAPOWER,8/8/2025 15:20,378.8,378.9,378.25,378.7,76356
TATAPOWER,8/8/2025 15:21,378.7,379,378.7,379,20452
TATAPOWER,8/8/2025 15:22,378.95,379,378.85,379,12551
TATAPOWER,8/8/2025 15:23,379,379,378.5,378.55,13805
TATAPOWER,8/8/2025 15:24,378.5,378.7,377.8,377.95,96906
TATAPOWER,8/8/2025 15:25,377.85,378,377.55,377.9,111748
TATAPOWER,8/8/2025 15:26,377.8,378,377.75,378,35100
TATAPOWER,8/8/2025 15:27,377.95,378,377.5,378,39114
TATAPOWER,8/8/2025 15:28,378,378.6,377.6,378.6,117055
TATAPOWER,8/8/2025 15:29,378.1,378.9,376,377.5,279798
TATASTEEL,8/8/2025 9:16,159.6,159.7,159.46,159.64,170863
TATASTEEL,8/8/2025 9:17,159.61,159.84,159.52,159.69,77545
TATASTEEL,8/8/2025 9:18,159.69,159.9,159.6,159.83,39996
TATASTEEL,8/8/2025 9:19,159.8,159.8,159.68,159.75,42884
TATASTEEL,8/8/2025 9:20,159.76,159.93,159.75,159.88,37191
TATASTEEL,8/8/2025 9:21,159.89,159.95,159.8,159.8,57151
TATASTEEL,8/8/2025 9:22,159.83,159.93,159.75,159.87,49099
TATASTEEL,8/8/2025 9:23,159.87,159.95,159.74,159.79,36443
TATASTEEL,8/8/2025 9:24,159.74,159.82,159.69,159.72,21157
TATASTEEL,8/8/2025 9:25,159.72,159.82,159.65,159.8,45347
TATASTEEL,8/8/2025 9:26,159.77,159.94,159.73,159.9,30088
TATASTEEL,8/8/2025 9:27,159.88,159.88,159.61,159.65,31445
TATASTEEL,8/8/2025 9:28,159.62,159.66,159.5,159.51,19968
TATASTEEL,8/8/2025 9:29,159.51,159.54,159.21,159.25,69290
TATASTEEL,8/8/2025 9:30,159.26,159.4,159.22,159.37,31019
TATASTEEL,8/8/2025 9:31,159.37,159.37,159,159.03,70683
TATASTEEL,8/8/2025 9:32,159,159.1,159,159.05,49213
TATASTEEL,8/8/2025 9:33,159.03,159.16,158.96,158.98,48078
TATASTEEL,8/8/2025 9:34,158.95,159,158.9,158.95,25176
TATASTEEL,8/8/2025 9:35,158.95,159,158.9,158.95,40475
TATASTEEL,8/8/2025 9:36,158.95,158.99,158.9,158.95,17409
TATASTEEL,8/8/2025 9:37,158.97,159.14,158.97,159.1,55301
TATASTEEL,8/8/2025 9:38,159.09,159.18,159,159,40528
TATASTEEL,8/8/2025 9:39,159.05,159.05,158.95,159,20467
TATASTEEL,8/8/2025 9:40,159,159.16,158.95,159.1,35499
TATASTEEL,8/8/2025 9:41,159.04,159.1,158.83,158.93,76110
TATASTEEL,8/8/2025 9:42,158.91,159.04,158.91,158.93,8252
TATASTEEL,8/8/2025 9:43,158.97,158.97,158.92,158.93,7260
TATASTEEL,8/8/2025 9:44,158.93,159,158.93,158.98,22058
TATASTEEL,8/8/2025 9:45,158.96,158.97,158.86,158.95,17332
TATASTEEL,8/8/2025 9:46,158.95,158.95,158.8,158.8,19385
TATASTEEL,8/8/2025 9:47,158.81,158.86,158.75,158.8,27268
TATASTEEL,8/8/2025 9:48,158.8,158.87,158.77,158.77,17947
TATASTEEL,8/8/2025 9:49,158.76,158.8,158.62,158.69,65029
TATASTEEL,8/8/2025 9:50,158.65,158.7,158.56,158.57,32014
TATASTEEL,8/8/2025 9:51,158.56,158.75,158.53,158.73,11801
TATASTEEL,8/8/2025 9:52,158.72,158.85,158.62,158.8,20140
TATASTEEL,8/8/2025 9:53,158.82,158.87,158.76,158.76,20356
TATASTEEL,8/8/2025 9:54,158.76,158.82,158.72,158.8,13411
TATASTEEL,8/8/2025 9:55,158.78,158.88,158.78,158.83,28530
TATASTEEL,8/8/2025 9:56,158.81,158.87,158.68,158.69,10759
TATASTEEL,8/8/2025 9:57,158.68,158.8,158.68,158.75,19045
TATASTEEL,8/8/2025 9:58,158.69,158.75,158.66,158.7,14618
TATASTEEL,8/8/2025 9:59,158.66,158.68,158.54,158.58,20495
TATASTEEL,8/8/2025 10:00,158.55,158.7,158.55,158.62,20164
TATASTEEL,8/8/2025 10:01,158.58,158.58,158.5,158.52,34956
TATASTEEL,8/8/2025 10:02,158.49,158.59,158.37,158.58,116393
TATASTEEL,8/8/2025 10:03,158.54,158.58,158.54,158.58,7049
TATASTEEL,8/8/2025 10:04,158.55,158.58,158.5,158.54,24672
TATASTEEL,8/8/2025 10:05,158.5,158.51,158.42,158.51,47983
TATASTEEL,8/8/2025 10:06,158.51,158.6,158.5,158.53,12755
TATASTEEL,8/8/2025 10:07,158.51,158.6,158.5,158.6,14831
TATASTEEL,8/8/2025 10:08,158.57,158.74,158.57,158.66,17945
TATASTEEL,8/8/2025 10:09,158.66,158.69,158.6,158.65,3580
TATASTEEL,8/8/2025 10:10,158.65,158.71,158.61,158.65,8771
TATASTEEL,8/8/2025 10:11,158.65,158.7,158.62,158.63,13833
TATASTEEL,8/8/2025 10:12,158.6,158.6,158.51,158.55,11573
TATASTEEL,8/8/2025 10:13,158.52,158.65,158.51,158.64,18013
TATASTEEL,8/8/2025 10:14,158.64,158.64,158.45,158.46,63248
TATASTEEL,8/8/2025 10:15,158.45,158.53,158.4,158.5,32264
TATASTEEL,8/8/2025 10:16,158.5,158.65,158.5,158.61,16142
TATASTEEL,8/8/2025 10:17,158.6,158.62,158.55,158.6,2884
TATASTEEL,8/8/2025 10:18,158.57,158.7,158.57,158.67,11310
TATASTEEL,8/8/2025 10:19,158.69,158.7,158.61,158.62,11869
TATASTEEL,8/8/2025 10:20,158.62,158.62,158.56,158.6,5614
TATASTEEL,8/8/2025 10:21,158.57,158.57,158.39,158.47,60922
TATASTEEL,8/8/2025 10:22,158.5,158.53,158.43,158.48,8477
TATASTEEL,8/8/2025 10:23,158.48,158.6,158.44,158.5,23571
TATASTEEL,8/8/2025 10:24,158.51,158.61,158.5,158.56,6668
TATASTEEL,8/8/2025 10:25,158.56,158.6,158.5,158.59,14644
TATASTEEL,8/8/2025 10:26,158.58,158.6,158.52,158.6,7376
TATASTEEL,8/8/2025 10:27,158.6,158.65,158.5,158.5,12658
TATASTEEL,8/8/2025 10:28,158.52,158.52,158.43,158.48,34359
TATASTEEL,8/8/2025 10:29,158.48,158.54,158.45,158.54,7550
TATASTEEL,8/8/2025 10:30,158.5,158.5,158.42,158.42,10483
TATASTEEL,8/8/2025 10:31,158.43,158.47,158.3,158.3,31391
TATASTEEL,8/8/2025 10:32,158.34,158.37,158.3,158.33,8762
TATASTEEL,8/8/2025 10:33,158.33,158.44,158.33,158.38,11373
TATASTEEL,8/8/2025 10:34,158.37,158.44,158.3,158.35,5453
TATASTEEL,8/8/2025 10:35,158.33,158.4,158.33,158.4,9583
TATASTEEL,8/8/2025 10:36,158.39,158.4,158.33,158.36,5372
TATASTEEL,8/8/2025 10:37,158.36,158.4,158.34,158.37,5246
TATASTEEL,8/8/2025 10:38,158.34,158.4,158.3,158.37,8860
TATASTEEL,8/8/2025 10:39,158.34,158.36,158.19,158.19,44937
TATASTEEL,8/8/2025 10:40,158.17,158.22,158.12,158.2,19424
TATASTEEL,8/8/2025 10:41,158.17,158.31,158.13,158.3,22619
TATASTEEL,8/8/2025 10:42,158.3,158.35,158.26,158.35,14007
TATASTEEL,8/8/2025 10:43,158.33,158.37,158.2,158.22,9980
TATASTEEL,8/8/2025 10:44,158.23,158.23,158.16,158.2,14966
TATASTEEL,8/8/2025 10:45,158.2,158.23,158.05,158.09,31235
TATASTEEL,8/8/2025 10:46,158.06,158.15,158.06,158.13,11786
TATASTEEL,8/8/2025 10:47,158.12,158.14,158.06,158.13,16839
TATASTEEL,8/8/2025 10:48,158.13,158.13,158.01,158.05,21763
TATASTEEL,8/8/2025 10:49,158.02,158.07,158.01,158.04,11321
TATASTEEL,8/8/2025 10:50,158.04,158.07,158.01,158.01,21380
TATASTEEL,8/8/2025 10:51,158.05,158.07,158,158.01,49862
TATASTEEL,8/8/2025 10:52,157.98,158.05,157.85,158.05,92070
TATASTEEL,8/8/2025 10:53,158.05,158.2,158.02,158.13,31185
TATASTEEL,8/8/2025 10:54,158.13,158.19,158.1,158.13,6571
TATASTEEL,8/8/2025 10:55,158.15,158.18,158.1,158.13,13710
TATASTEEL,8/8/2025 10:56,158.1,158.16,158.01,158.14,16890
TATASTEEL,8/8/2025 10:57,158.12,158.15,158,158.08,6726
TATASTEEL,8/8/2025 10:58,158.08,158.12,158.01,158.03,5639
TATASTEEL,8/8/2025 10:59,158.03,158.1,157.89,158.07,52141
TATASTEEL,8/8/2025 11:00,158.07,158.1,158,158.1,5619
TATASTEEL,8/8/2025 11:01,158.07,158.1,158.06,158.09,6940
TATASTEEL,8/8/2025 11:02,158.09,158.14,158,158,29983
TATASTEEL,8/8/2025 11:03,158,158.1,157.9,158.07,10506
TATASTEEL,8/8/2025 11:04,158.07,158.11,158.01,158.02,5007
TATASTEEL,8/8/2025 11:05,158.02,158.06,157.94,158.02,14714
TATASTEEL,8/8/2025 11:06,158.03,158.05,158,158.02,4213
TATASTEEL,8/8/2025 11:07,158.05,158.12,158.02,158.12,6093
TATASTEEL,8/8/2025 11:08,158.08,158.19,158.03,158.08,16844
TATASTEEL,8/8/2025 11:09,158.07,158.1,158,158,6171
TATASTEEL,8/8/2025 11:10,158,158.07,157.97,158.07,15613
TATASTEEL,8/8/2025 11:11,158.04,158.1,158.01,158.08,4665
TATASTEEL,8/8/2025 11:12,158.06,158.12,158,158.03,24090
TATASTEEL,8/8/2025 11:13,158.07,158.15,158.03,158.15,4370
TATASTEEL,8/8/2025 11:14,158.12,158.18,158.08,158.15,8353
TATASTEEL,8/8/2025 11:15,158.14,158.17,158.01,158.05,24873
TATASTEEL,8/8/2025 11:16,158.01,158.1,158,158.06,8935
TATASTEEL,8/8/2025 11:17,158.06,158.11,158,158.03,4429
TATASTEEL,8/8/2025 11:18,158.03,158.19,158,158.19,6265
TATASTEEL,8/8/2025 11:19,158.14,158.19,158.06,158.14,12295
TATASTEEL,8/8/2025 11:20,158.11,158.19,158.1,158.17,18534
TATASTEEL,8/8/2025 11:21,158.17,158.17,158.08,158.15,4677
TATASTEEL,8/8/2025 11:22,158.15,158.21,158.08,158.09,13774
TATASTEEL,8/8/2025 11:23,158.1,158.13,158.03,158.09,9577
TATASTEEL,8/8/2025 11:24,158.05,158.1,158.01,158.05,5033
TATASTEEL,8/8/2025 11:25,158.06,158.09,158.01,158.04,3437
TATASTEEL,8/8/2025 11:26,158.06,158.09,158.01,158.09,7485
TATASTEEL,8/8/2025 11:27,158.09,158.12,158.06,158.07,4962
TATASTEEL,8/8/2025 11:28,158.07,158.1,158.07,158.1,4513
TATASTEEL,8/8/2025 11:29,158.08,158.13,158.08,158.1,4615
TATASTEEL,8/8/2025 11:30,158.09,158.11,158.05,158.05,7021
TATASTEEL,8/8/2025 11:31,158.07,158.1,158.03,158.04,4264
TATASTEEL,8/8/2025 11:32,158.03,158.04,157.91,158,35085
TATASTEEL,8/8/2025 11:33,157.98,158.14,157.95,158.06,17747
TATASTEEL,8/8/2025 11:34,158.06,158.1,157.95,157.99,18599
TATASTEEL,8/8/2025 11:35,157.96,158.01,157.95,157.97,6862
TATASTEEL,8/8/2025 11:36,157.99,158.01,157.94,157.98,7688
TATASTEEL,8/8/2025 11:37,157.95,158,157.91,157.95,5944
TATASTEEL,8/8/2025 11:38,157.92,157.92,157.71,157.79,48856
TATASTEEL,8/8/2025 11:39,157.75,157.85,157.74,157.75,7298
TATASTEEL,8/8/2025 11:40,157.75,157.84,157.75,157.82,9259
TATASTEEL,8/8/2025 11:41,157.78,157.89,157.78,157.86,5618
TATASTEEL,8/8/2025 11:42,157.8,157.86,157.8,157.82,6389
TATASTEEL,8/8/2025 11:43,157.81,157.95,157.8,157.91,7426
TATASTEEL,8/8/2025 11:44,157.87,157.94,157.81,157.82,7522
TATASTEEL,8/8/2025 11:45,157.82,157.85,157.65,157.71,33409
TATASTEEL,8/8/2025 11:46,157.75,157.8,157.7,157.75,18559
TATASTEEL,8/8/2025 11:47,157.79,157.79,157.7,157.79,14765
TATASTEEL,8/8/2025 11:48,157.77,157.77,157.65,157.67,27609
TATASTEEL,8/8/2025 11:49,157.62,157.72,157.6,157.63,14414
TATASTEEL,8/8/2025 11:50,157.67,157.76,157.61,157.7,11657
TATASTEEL,8/8/2025 11:51,157.73,157.79,157.71,157.77,8772
TATASTEEL,8/8/2025 11:52,157.72,157.78,157.71,157.75,2173
TATASTEEL,8/8/2025 11:53,157.75,157.78,157.69,157.69,7587
TATASTEEL,8/8/2025 11:54,157.68,157.77,157.68,157.77,13108
TATASTEEL,8/8/2025 11:55,157.73,157.78,157.7,157.75,10310
TATASTEEL,8/8/2025 11:56,157.76,157.78,157.71,157.71,7840
TATASTEEL,8/8/2025 11:57,157.76,157.77,157.65,157.65,17248
TATASTEEL,8/8/2025 11:58,157.69,157.69,157.43,157.57,102785
TATASTEEL,8/8/2025 11:59,157.58,157.69,157.58,157.65,8171
TATASTEEL,8/8/2025 12:00,157.62,157.64,157.56,157.57,8021
TATASTEEL,8/8/2025 12:01,157.57,157.63,157.57,157.59,8283
TATASTEEL,8/8/2025 12:02,157.59,157.6,157.4,157.4,52735
TATASTEEL,8/8/2025 12:03,157.4,157.47,157.39,157.41,19045
TATASTEEL,8/8/2025 12:04,157.47,157.47,157.4,157.41,10424
TATASTEEL,8/8/2025 12:05,157.41,157.41,157.39,157.4,9923
TATASTEEL,8/8/2025 12:06,157.4,157.58,157.39,157.52,27330
TATASTEEL,8/8/2025 12:07,157.51,157.59,157.48,157.48,9407
TATASTEEL,8/8/2025 12:08,157.5,157.59,157.47,157.52,15273
TATASTEEL,8/8/2025 12:09,157.53,157.59,157.52,157.54,9958
TATASTEEL,8/8/2025 12:10,157.52,157.52,157.39,157.47,16265
TATASTEEL,8/8/2025 12:11,157.47,157.59,157.46,157.58,3667
TATASTEEL,8/8/2025 12:12,157.54,157.63,157.52,157.6,12505
TATASTEEL,8/8/2025 12:13,157.6,157.6,157.5,157.5,7418
TATASTEEL,8/8/2025 12:14,157.53,157.54,157.45,157.54,44672
TATASTEEL,8/8/2025 12:15,157.54,157.54,157.45,157.5,10473
TATASTEEL,8/8/2025 12:16,157.5,157.5,157.4,157.42,19475
TATASTEEL,8/8/2025 12:17,157.41,157.53,157.31,157.39,20807
TATASTEEL,8/8/2025 12:18,157.39,157.47,157.33,157.33,6891
TATASTEEL,8/8/2025 12:19,157.39,157.47,157.34,157.37,7585
TATASTEEL,8/8/2025 12:20,157.36,157.42,157.31,157.31,9037
TATASTEEL,8/8/2025 12:21,157.31,157.38,157.25,157.25,19915
TATASTEEL,8/8/2025 12:22,157.25,157.39,157.21,157.27,35354
TATASTEEL,8/8/2025 12:23,157.29,157.35,157.26,157.27,8568
TATASTEEL,8/8/2025 12:24,157.27,157.35,157.27,157.35,6880
TATASTEEL,8/8/2025 12:25,157.3,157.36,157.25,157.25,7037
TATASTEEL,8/8/2025 12:26,157.3,157.43,157.3,157.39,5452
TATASTEEL,8/8/2025 12:27,157.36,157.47,157.36,157.41,7070
TATASTEEL,8/8/2025 12:28,157.41,157.45,157.31,157.36,15654
TATASTEEL,8/8/2025 12:29,157.31,157.45,157.31,157.44,3802
TATASTEEL,8/8/2025 12:30,157.39,157.45,157.35,157.4,31507
TATASTEEL,8/8/2025 12:31,157.4,157.45,157.35,157.37,9595
TATASTEEL,8/8/2025 12:32,157.44,157.44,157.34,157.42,40343
TATASTEEL,8/8/2025 12:33,157.42,157.42,157.25,157.29,29279
TATASTEEL,8/8/2025 12:34,157.26,157.29,157.2,157.29,9500
TATASTEEL,8/8/2025 12:35,157.29,157.29,157.21,157.29,10973
TATASTEEL,8/8/2025 12:36,157.26,157.35,157.2,157.21,26257
TATASTEEL,8/8/2025 12:37,157.2,157.21,157.11,157.15,34450
TATASTEEL,8/8/2025 12:38,157.14,157.15,157.01,157.09,49392
TATASTEEL,8/8/2025 12:39,157.09,157.14,157.01,157.14,11556
TATASTEEL,8/8/2025 12:40,157.15,157.15,157.04,157.12,16487
TATASTEEL,8/8/2025 12:41,157.11,157.2,157.11,157.12,5250
TATASTEEL,8/8/2025 12:42,157.17,157.17,157.12,157.15,4521
TATASTEEL,8/8/2025 12:43,157.13,157.19,157.11,157.19,10619
TATASTEEL,8/8/2025 12:44,157.19,157.24,157.12,157.15,15653
TATASTEEL,8/8/2025 12:45,157.12,157.61,157.12,157.52,238564
TATASTEEL,8/8/2025 12:46,157.51,157.56,157.5,157.51,55853
TATASTEEL,8/8/2025 12:47,157.51,157.51,157.4,157.48,12720
TATASTEEL,8/8/2025 12:48,157.48,157.67,157.42,157.63,36864
TATASTEEL,8/8/2025 12:49,157.59,157.67,157.56,157.62,6345
TATASTEEL,8/8/2025 12:50,157.67,157.79,157.58,157.74,38784
TATASTEEL,8/8/2025 12:51,157.72,157.76,157.65,157.73,32355
TATASTEEL,8/8/2025 12:52,157.74,157.74,157.66,157.7,6221
TATASTEEL,8/8/2025 12:53,157.68,157.91,157.68,157.87,41365
TATASTEEL,8/8/2025 12:54,157.87,157.89,157.81,157.89,10576
TATASTEEL,8/8/2025 12:55,157.89,158,157.83,157.97,93723
TATASTEEL,8/8/2025 12:56,157.87,158,157.84,157.94,33795
TATASTEEL,8/8/2025 12:57,157.92,157.92,157.81,157.81,16260
TATASTEEL,8/8/2025 12:58,157.81,157.87,157.79,157.87,17144
TATASTEEL,8/8/2025 12:59,157.84,157.87,157.72,157.84,13960
TATASTEEL,8/8/2025 13:00,157.81,157.91,157.8,157.8,17222
TATASTEEL,8/8/2025 13:01,157.82,157.87,157.77,157.84,33681
TATASTEEL,8/8/2025 13:02,157.82,157.87,157.8,157.86,17791
TATASTEEL,8/8/2025 13:03,157.86,157.86,157.8,157.81,8667
TATASTEEL,8/8/2025 13:04,157.8,157.95,157.8,157.87,13862
TATASTEEL,8/8/2025 13:05,157.86,158,157.85,157.99,21221
TATASTEEL,8/8/2025 13:06,157.98,157.98,157.88,157.94,8943
TATASTEEL,8/8/2025 13:07,157.94,158.05,157.82,158.04,187394
TATASTEEL,8/8/2025 13:08,158,158.03,157.85,158.02,190472
TATASTEEL,8/8/2025 13:09,158.02,158.05,158,158.03,34395
TATASTEEL,8/8/2025 13:10,158,158.04,158,158.01,74975
TATASTEEL,8/8/2025 13:11,158,158.01,157.86,157.88,132809
TATASTEEL,8/8/2025 13:12,157.86,157.92,157.83,157.86,3929
TATASTEEL,8/8/2025 13:13,157.88,157.92,157.8,157.89,21442
TATASTEEL,8/8/2025 13:14,157.89,158.02,157.83,158.02,28268
TATASTEEL,8/8/2025 13:15,157.98,158.15,157.98,158.15,37342
TATASTEEL,8/8/2025 13:16,158.13,158.2,158.11,158.14,37792
TATASTEEL,8/8/2025 13:17,158.19,158.2,158.11,158.19,24300
TATASTEEL,8/8/2025 13:18,158.09,158.19,158.05,158.12,15888
TATASTEEL,8/8/2025 13:19,158.13,158.17,158.05,158.13,16420
TATASTEEL,8/8/2025 13:20,158.13,158.26,158.06,158.22,44978
TATASTEEL,8/8/2025 13:21,158.27,158.27,158.15,158.24,20209
TATASTEEL,8/8/2025 13:22,158.24,158.26,158.17,158.17,17324
TATASTEEL,8/8/2025 13:23,158.17,158.27,158.17,158.23,18848
TATASTEEL,8/8/2025 13:24,158.23,158.26,158.2,158.23,17430
TATASTEEL,8/8/2025 13:25,158.2,158.23,158.17,158.19,21667
TATASTEEL,8/8/2025 13:26,158.19,158.23,158.1,158.19,41631
TATASTEEL,8/8/2025 13:27,158.19,158.23,158.1,158.17,26088
TATASTEEL,8/8/2025 13:28,158.17,158.17,158,158.05,19136
TATASTEEL,8/8/2025 13:29,158.08,158.12,158,158.1,17938
TATASTEEL,8/8/2025 13:30,158.1,158.15,157.97,158.08,32436
TATASTEEL,8/8/2025 13:31,158.15,158.18,158.04,158.12,20100
TATASTEEL,8/8/2025 13:32,158.12,158.37,158.12,158.35,46041
TATASTEEL,8/8/2025 13:33,158.31,158.31,158.25,158.25,24377
TATASTEEL,8/8/2025 13:34,158.28,158.39,158.25,158.39,47168
TATASTEEL,8/8/2025 13:35,158.35,158.45,158.34,158.44,31557
TATASTEEL,8/8/2025 13:36,158.44,158.5,158.36,158.44,56004
TATASTEEL,8/8/2025 13:37,158.43,158.49,158.4,158.44,16690
TATASTEEL,8/8/2025 13:38,158.41,158.54,158.4,158.52,42641
TATASTEEL,8/8/2025 13:39,158.6,158.69,158.52,158.67,51122
TATASTEEL,8/8/2025 13:40,158.63,158.65,158.5,158.62,34066
TATASTEEL,8/8/2025 13:41,158.65,158.65,158.53,158.62,23529
TATASTEEL,8/8/2025 13:42,158.63,158.65,158.6,158.65,23676
TATASTEEL,8/8/2025 13:43,158.63,158.75,158.63,158.66,26265
TATASTEEL,8/8/2025 13:44,158.66,158.74,158.66,158.72,23092
TATASTEEL,8/8/2025 13:45,158.7,158.76,158.65,158.71,45400
TATASTEEL,8/8/2025 13:46,158.66,158.66,158.4,158.43,48075
TATASTEEL,8/8/2025 13:47,158.5,158.5,158.4,158.41,18733
TATASTEEL,8/8/2025 13:48,158.4,158.4,158.26,158.4,61023
TATASTEEL,8/8/2025 13:49,158.4,158.47,158.36,158.47,14554
TATASTEEL,8/8/2025 13:50,158.47,158.47,158.4,158.44,12488
TATASTEEL,8/8/2025 13:51,158.46,158.53,158.4,158.52,16404
TATASTEEL,8/8/2025 13:52,158.51,158.53,158.4,158.5,28488
TATASTEEL,8/8/2025 13:53,158.41,158.48,158.37,158.42,39000
TATASTEEL,8/8/2025 13:54,158.46,158.46,158.27,158.35,24913
TATASTEEL,8/8/2025 13:55,158.29,158.35,158.25,158.32,30729
TATASTEEL,8/8/2025 13:56,158.27,158.35,158.26,158.29,11455
TATASTEEL,8/8/2025 13:57,158.34,158.38,158.26,158.31,25057
TATASTEEL,8/8/2025 13:58,158.36,158.37,158.21,158.33,18477
TATASTEEL,8/8/2025 13:59,158.33,158.35,158.23,158.25,10828
TATASTEEL,8/8/2025 14:00,158.32,158.49,158.25,158.41,22575
TATASTEEL,8/8/2025 14:01,158.43,158.5,158.41,158.5,16668
TATASTEEL,8/8/2025 14:02,158.49,158.5,158.4,158.44,22347
TATASTEEL,8/8/2025 14:03,158.41,158.45,158.41,158.41,14359
TATASTEEL,8/8/2025 14:04,158.44,158.45,158.36,158.38,14674
TATASTEEL,8/8/2025 14:05,158.38,158.45,158.38,158.4,13384
TATASTEEL,8/8/2025 14:06,158.44,158.48,158.4,158.47,18683
TATASTEEL,8/8/2025 14:07,158.43,158.44,158.36,158.41,29053
TATASTEEL,8/8/2025 14:08,158.37,158.49,158.34,158.45,12510
TATASTEEL,8/8/2025 14:09,158.45,158.49,158.35,158.43,13521
TATASTEEL,8/8/2025 14:10,158.43,158.48,158.36,158.48,10715
TATASTEEL,8/8/2025 14:11,158.43,158.47,158.35,158.35,24484
TATASTEEL,8/8/2025 14:12,158.39,158.41,158.06,158.09,89735
TATASTEEL,8/8/2025 14:13,158.09,158.26,158.06,158.21,80818
TATASTEEL,8/8/2025 14:14,158.18,158.26,158.13,158.21,14713
TATASTEEL,8/8/2025 14:15,158.26,158.27,158.16,158.2,13977
TATASTEEL,8/8/2025 14:16,158.17,158.31,158.14,158.25,70694
TATASTEEL,8/8/2025 14:17,158.29,158.3,158.24,158.25,22365
TATASTEEL,8/8/2025 14:18,158.24,158.25,158.17,158.24,47608
TATASTEEL,8/8/2025 14:19,158.24,158.34,158.21,158.34,19506
TATASTEEL,8/8/2025 14:20,158.32,158.39,158.2,158.3,32989
TATASTEEL,8/8/2025 14:21,158.26,158.33,158.2,158.28,20360
TATASTEEL,8/8/2025 14:22,158.22,158.33,158.2,158.29,27048
TATASTEEL,8/8/2025 14:23,158.28,158.31,158.11,158.12,19491
TATASTEEL,8/8/2025 14:24,158.13,158.2,158.1,158.12,15707
TATASTEEL,8/8/2025 14:25,158.17,158.17,158.04,158.13,24435
TATASTEEL,8/8/2025 14:26,158.13,158.2,158.07,158.1,29076
TATASTEEL,8/8/2025 14:27,158.1,158.19,158.06,158.07,18186
TATASTEEL,8/8/2025 14:28,158.05,158.17,158.05,158.1,26603
TATASTEEL,8/8/2025 14:29,158.06,158.13,158.01,158.05,21696
TATASTEEL,8/8/2025 14:30,158.07,158.2,158.03,158.19,19672
TATASTEEL,8/8/2025 14:31,158.17,158.2,158.1,158.17,11783
TATASTEEL,8/8/2025 14:32,158.15,158.2,158.03,158.13,56611
TATASTEEL,8/8/2025 14:33,158.12,158.22,158.02,158.2,144341
TATASTEEL,8/8/2025 14:34,158.14,158.25,158.13,158.23,16980
TATASTEEL,8/8/2025 14:35,158.23,158.25,158.13,158.19,17090
TATASTEEL,8/8/2025 14:36,158.21,158.3,158.18,158.28,30798
TATASTEEL,8/8/2025 14:37,158.26,158.3,158.22,158.26,27982
TATASTEEL,8/8/2025 14:38,158.24,158.3,158.2,158.29,14285
TATASTEEL,8/8/2025 14:39,158.26,158.3,158.22,158.29,11382
TATASTEEL,8/8/2025 14:40,158.22,158.3,158.2,158.2,15458
TATASTEEL,8/8/2025 14:41,158.28,158.35,158.22,158.35,22073
TATASTEEL,8/8/2025 14:42,158.3,158.4,158.29,158.31,30534
TATASTEEL,8/8/2025 14:43,158.36,158.36,158.25,158.34,27812
TATASTEEL,8/8/2025 14:44,158.3,158.36,158.25,158.26,14632
TATASTEEL,8/8/2025 14:45,158.27,158.3,158.18,158.3,15315
TATASTEEL,8/8/2025 14:46,158.3,158.32,158.16,158.23,19758
TATASTEEL,8/8/2025 14:47,158.2,158.22,158.1,158.17,19604
TATASTEEL,8/8/2025 14:48,158.17,158.2,158.07,158.17,34204
TATASTEEL,8/8/2025 14:49,158.2,158.3,158.15,158.25,17381
TATASTEEL,8/8/2025 14:50,158.25,158.29,158.16,158.22,20476
TATASTEEL,8/8/2025 14:51,158.17,158.24,158.12,158.19,18149
TATASTEEL,8/8/2025 14:52,158.16,158.2,158.11,158.18,20058
TATASTEEL,8/8/2025 14:53,158.19,158.23,158.06,158.13,16181
TATASTEEL,8/8/2025 14:54,158.14,158.23,158.11,158.18,24202
TATASTEEL,8/8/2025 14:55,158.15,158.19,158.08,158.09,13122
TATASTEEL,8/8/2025 14:56,158.09,158.13,158.01,158.1,21841
TATASTEEL,8/8/2025 14:57,158.13,158.14,158,158,17830
TATASTEEL,8/8/2025 14:58,158.05,158.14,158,158.12,18702
TATASTEEL,8/8/2025 14:59,158.07,158.1,158,158.1,18304
TATASTEEL,8/8/2025 15:00,158.09,158.09,157.84,158.03,135438
TATASTEEL,8/8/2025 15:01,157.99,158.06,157.93,158.06,47419
TATASTEEL,8/8/2025 15:02,158.01,158.09,157.97,158.05,44561
TATASTEEL,8/8/2025 15:03,158.05,158.07,157.97,157.97,83556
TATASTEEL,8/8/2025 15:04,157.97,158.15,157.97,158.13,86012
TATASTEEL,8/8/2025 15:05,158.12,158.19,158.12,158.18,34639
TATASTEEL,8/8/2025 15:06,158.17,158.36,158.16,158.29,111874
TATASTEEL,8/8/2025 15:07,158.29,158.37,158.26,158.31,56181
TATASTEEL,8/8/2025 15:08,158.31,158.38,158.31,158.36,25930
TATASTEEL,8/8/2025 15:09,158.36,158.38,158.22,158.26,71874
TATASTEEL,8/8/2025 15:10,158.31,158.38,158.22,158.3,88946
TATASTEEL,8/8/2025 15:11,158.3,158.3,158.26,158.28,36365
TATASTEEL,8/8/2025 15:12,158.26,158.28,158.21,158.23,64160
TATASTEEL,8/8/2025 15:13,158.24,158.24,158.12,158.14,96860
TATASTEEL,8/8/2025 15:14,158.18,158.25,157.96,157.97,124452
TATASTEEL,8/8/2025 15:15,158,158,157.56,157.72,356041
TATASTEEL,8/8/2025 15:16,157.69,157.79,157.43,157.49,302353
TATASTEEL,8/8/2025 15:17,157.55,157.63,157.45,157.63,186931
TATASTEEL,8/8/2025 15:18,157.62,157.62,157.49,157.57,118739
TATASTEEL,8/8/2025 15:19,157.6,157.79,157.6,157.72,186862
TATASTEEL,8/8/2025 15:20,157.79,157.97,157.72,157.94,134011
TATASTEEL,8/8/2025 15:21,157.93,157.95,157.84,157.93,46655
TATASTEEL,8/8/2025 15:22,157.93,157.98,157.85,157.94,55631
TATASTEEL,8/8/2025 15:23,157.94,157.94,157.9,157.9,52891
TATASTEEL,8/8/2025 15:24,157.93,158.44,157.93,158.33,201681
TATASTEEL,8/8/2025 15:25,158.34,158.5,158.33,158.48,77367
TATASTEEL,8/8/2025 15:26,158.48,158.49,158.45,158.45,37933
TATASTEEL,8/8/2025 15:27,158.47,158.47,158.39,158.39,64707
TATASTEEL,8/8/2025 15:28,158.4,158.4,158.15,158.15,32887
TATASTEEL,8/8/2025 15:29,158.2,158.25,158.01,158.25,40399
